-- phpMyAdmin SQL Dump
-- version 5.2.0
-- https://www.phpmyadmin.net/
--
-- Hôte : 127.0.0.1:3306
-- Généré le : ven. 26 avr. 2024 à 07:51
-- Version du serveur : 8.0.31
-- Version de PHP : 8.0.26

SET SQL_MODE = "NO_AUTO_VALUE_ON_ZERO";
START TRANSACTION;
SET time_zone = "+00:00";


/*!40101 SET @OLD_CHARACTER_SET_CLIENT=@@CHARACTER_SET_CLIENT */;
/*!40101 SET @OLD_CHARACTER_SET_RESULTS=@@CHARACTER_SET_RESULTS */;
/*!40101 SET @OLD_COLLATION_CONNECTION=@@COLLATION_CONNECTION */;
/*!40101 SET NAMES utf8mb4 */;

--
-- Base de données : `fil_rouge_farm3`
--

DELIMITER $$
--
-- Fonctions
--
DROP FUNCTION IF EXISTS `WITH_BONUS`$$
CREATE DEFINER=`root`@`localhost` FUNCTION `WITH_BONUS` (`NumField` INT) RETURNS VARCHAR(50) CHARSET utf8mb4 COLLATE utf8mb4_general_ci  BEGIN
    DECLARE bonusInclude VARCHAR(50); 
    SET bonusInclude ="";
    SELECT IF(fit.Num_Field IS NULL,"sans apport","avec apport") INTO bonusInclude 
	 FROM field as f
	 LEFT JOIN is_treated as fit ON f.Num_Field=fit.Num_Field   
     WHERE fit.Num_Field = NumField;   
    RETURN bonusInclude;
END$$

DELIMITER ;

-- --------------------------------------------------------

--
-- Structure de la table `agriculteur`
--

DROP TABLE IF EXISTS `agriculteur`;
CREATE TABLE IF NOT EXISTS `agriculteur` (
  `Id_Agriculteur` int NOT NULL AUTO_INCREMENT,
  `label_agr_job` varchar(50) NOT NULL,
  `Id_Role` int NOT NULL,
  PRIMARY KEY (`Id_Agriculteur`),
  UNIQUE KEY `Id_Role` (`Id_Role`),
  UNIQUE KEY `label_agr_job` (`label_agr_job`)
) ENGINE=InnoDB DEFAULT CHARSET=utf8mb3;

-- --------------------------------------------------------

--
-- Structure de la table `animal`
--

DROP TABLE IF EXISTS `animal`;
CREATE TABLE IF NOT EXISTS `animal` (
  `Id_animal` int NOT NULL AUTO_INCREMENT,
  `animal_name` varchar(50) NOT NULL,
  PRIMARY KEY (`Id_animal`),
  UNIQUE KEY `animal_name` (`animal_name`)
) ENGINE=InnoDB AUTO_INCREMENT=268 DEFAULT CHARSET=utf8mb3;

--
-- Déchargement des données de la table `animal`
--

INSERT INTO `animal` (`Id_animal`, `animal_name`) VALUES
(2, 'Bessie'),
(17, 'Blackjack'),
(4, 'Bouton d\'or'),
(3, 'Brownie'),
(5, 'Clarabelle'),
(6, 'Dottie'),
(13, 'Flocon de neige'),
(16, 'Gertie'),
(7, 'Guinness'),
(193, 'holsteighteen'),
(186, 'holsteleven'),
(190, 'holstfifteen'),
(181, 'holstfive'),
(224, 'holstfivty'),
(232, 'holstfivtyeight'),
(229, 'holstfivtyfive'),
(228, 'holstfivtyfour'),
(233, 'holstfivtynine'),
(225, 'holstfivtyone'),
(231, 'holstfivtyseven'),
(230, 'holstfivtysix'),
(227, 'holstfivtythree'),
(226, 'holstfivtytwo'),
(214, 'holstforty'),
(222, 'holstfortyeight'),
(219, 'holstfortyfive'),
(218, 'holstfortyfour'),
(223, 'holstfortynine'),
(215, 'holstfortyone'),
(221, 'holstfortyseven'),
(220, 'holstfortysix'),
(217, 'holstfortythree'),
(216, 'holstfortytwo'),
(180, 'holstfour'),
(189, 'holstfourteen'),
(184, 'holstnine'),
(194, 'holstnineteen'),
(177, 'holstone'),
(183, 'holstseven'),
(192, 'holstseventeen'),
(244, 'holstseventy'),
(252, 'holstseventyeight'),
(249, 'holstseventyfive'),
(248, 'holstseventyfour'),
(253, 'holstseventynine'),
(245, 'holstseventyone'),
(251, 'holstseventyseven'),
(250, 'holstseventysix'),
(247, 'holstseventythree'),
(246, 'holstseventytwo'),
(182, 'holstsix'),
(191, 'holstsixteen'),
(234, 'holstsixty'),
(242, 'holstsixtyeight'),
(239, 'holstsixtyfive'),
(238, 'holstsixtyfour'),
(243, 'holstsixtynine'),
(235, 'holstsixtyone'),
(241, 'holstsixtyseven'),
(240, 'holstsixtysix'),
(237, 'holstsixtythree'),
(236, 'holstsixtytwo'),
(185, 'holstten'),
(188, 'holstthirteen'),
(205, 'holstthirty'),
(212, 'holstthirtyeight'),
(209, 'holstthirtyfive'),
(208, 'holstthirtyfour'),
(213, 'holstthirtynine'),
(206, 'holstthirtyone'),
(211, 'holstthirtyseven'),
(210, 'holstthirtysix'),
(207, 'holstthirtytwo'),
(179, 'holstthree'),
(187, 'holsttwelve'),
(195, 'holsttwenty'),
(203, 'holsttwentyeight'),
(200, 'holsttwentyfive'),
(199, 'holsttwentyfour'),
(204, 'holsttwentynine'),
(196, 'holsttwentyone'),
(202, 'holsttwentyseven'),
(201, 'holsttwentysix'),
(198, 'holsttwentythree'),
(197, 'holsttwentytwo'),
(178, 'holsttwo'),
(8, 'Magic'),
(1, 'Marguerite'),
(21, 'Miel'),
(22, 'Moka'),
(9, 'Nellie'),
(263, 'normeleven'),
(267, 'normfifteen'),
(258, 'normfive'),
(257, 'normfour'),
(266, 'normfourteen'),
(261, 'normnine'),
(254, 'normone'),
(260, 'normseven'),
(259, 'normsix'),
(262, 'normten'),
(265, 'normthirteen'),
(256, 'normthree'),
(264, 'normtwelve'),
(255, 'normtwo'),
(19, 'Ombre'),
(18, 'Onyx'),
(10, 'Penelope'),
(11, 'Penny'),
(12, 'Rosie'),
(14, 'Sprinkles'),
(15, 'Sucre'),
(20, 'Tux');

-- --------------------------------------------------------

--
-- Structure de la table `animal_type`
--

DROP TABLE IF EXISTS `animal_type`;
CREATE TABLE IF NOT EXISTS `animal_type` (
  `Id_animal_type` int NOT NULL AUTO_INCREMENT,
  `label_atype` varchar(50) NOT NULL,
  PRIMARY KEY (`Id_animal_type`),
  UNIQUE KEY `label_atype` (`label_atype`)
) ENGINE=InnoDB AUTO_INCREMENT=3 DEFAULT CHARSET=utf8mb3;

--
-- Déchargement des données de la table `animal_type`
--

INSERT INTO `animal_type` (`Id_animal_type`, `label_atype`) VALUES
(2, 'lait'),
(1, 'viande');

-- --------------------------------------------------------

--
-- Structure de la table `breeding`
--

DROP TABLE IF EXISTS `breeding`;
CREATE TABLE IF NOT EXISTS `breeding` (
  `Id_breeding` int NOT NULL AUTO_INCREMENT,
  `label_breeding` varchar(50) NOT NULL,
  PRIMARY KEY (`Id_breeding`),
  UNIQUE KEY `label_breeding` (`label_breeding`)
) ENGINE=InnoDB AUTO_INCREMENT=7 DEFAULT CHARSET=utf8mb3;

--
-- Déchargement des données de la table `breeding`
--

INSERT INTO `breeding` (`Id_breeding`, `label_breeding`) VALUES
(6, '17v'),
(1, 'groupe 1'),
(2, 'groupe 2'),
(3, 'groupe 3'),
(4, 'groupe 4'),
(5, 'groupe 5');

-- --------------------------------------------------------

--
-- Structure de la table `breed_give`
--

DROP TABLE IF EXISTS `breed_give`;
CREATE TABLE IF NOT EXISTS `breed_give` (
  `Id_Product` int NOT NULL,
  `Id_breeding` int NOT NULL,
  `date_breed` datetime NOT NULL,
  `qtx_give` decimal(15,2) DEFAULT NULL,
  `id_unity` int DEFAULT NULL,
  PRIMARY KEY (`Id_Product`,`Id_breeding`,`date_breed`) USING BTREE,
  KEY `Id_breeding` (`Id_breeding`) USING BTREE,
  KEY `FK_unity_breed_give` (`id_unity`)
) ENGINE=InnoDB DEFAULT CHARSET=utf8mb3;

--
-- Déchargement des données de la table `breed_give`
--

INSERT INTO `breed_give` (`Id_Product`, `Id_breeding`, `date_breed`, `qtx_give`, `id_unity`) VALUES
(20, 6, '2014-01-01 02:00:00', '16.00', 1),
(20, 6, '2014-01-01 04:00:00', '21.50', 1),
(20, 6, '2014-01-01 06:00:00', '20.00', 1),
(20, 6, '2014-01-01 08:00:00', '16.00', 1),
(20, 6, '2014-01-01 10:00:00', '20.00', 1),
(20, 6, '2014-01-01 12:00:00', '20.00', 1),
(20, 6, '2014-01-01 14:00:00', '17.50', 1),
(20, 6, '2014-01-01 16:00:00', '16.00', 1),
(20, 6, '2014-01-01 18:00:00', '7.00', 1),
(20, 6, '2014-01-01 20:00:00', '11.00', 1),
(20, 6, '2014-01-01 22:00:00', '15.00', 1),
(20, 6, '2014-01-01 23:59:59', '11.00', 1),
(20, 6, '2014-01-02 02:00:00', '16.00', 1),
(20, 6, '2014-01-02 04:00:00', '21.50', 1),
(20, 6, '2014-01-02 06:00:00', '20.00', 1),
(20, 6, '2014-01-02 08:00:00', '16.00', 1),
(20, 6, '2014-01-02 10:00:00', '20.00', 1),
(20, 6, '2014-01-02 12:00:00', '20.00', 1),
(20, 6, '2014-01-02 14:00:00', '17.50', 1),
(20, 6, '2014-01-02 16:00:00', '16.00', 1),
(20, 6, '2014-01-02 18:00:00', '7.00', 1),
(20, 6, '2014-01-02 20:00:00', '11.00', 1),
(20, 6, '2014-01-02 22:00:00', '15.00', 1),
(20, 6, '2014-01-02 23:59:59', '11.00', 1),
(20, 6, '2014-01-03 02:00:00', '16.00', 1),
(20, 6, '2014-01-03 04:00:00', '21.50', 1),
(20, 6, '2014-01-03 06:00:00', '20.00', 1),
(20, 6, '2014-01-03 08:00:00', '16.00', 1),
(20, 6, '2014-01-03 10:00:00', '20.00', 1),
(20, 6, '2014-01-03 12:00:00', '20.00', 1),
(20, 6, '2014-01-03 14:00:00', '17.50', 1),
(20, 6, '2014-01-03 16:00:00', '16.00', 1),
(20, 6, '2014-01-03 18:00:00', '7.00', 1),
(20, 6, '2014-01-03 20:00:00', '11.00', 1),
(20, 6, '2014-01-03 22:00:00', '15.00', 1),
(20, 6, '2014-01-03 23:59:59', '11.00', 1),
(20, 6, '2014-01-04 02:00:00', '16.00', 1),
(20, 6, '2014-01-04 04:00:00', '21.50', 1),
(20, 6, '2014-01-04 06:00:00', '20.00', 1),
(20, 6, '2014-01-04 08:00:00', '16.00', 1),
(20, 6, '2014-01-04 10:00:00', '20.00', 1),
(20, 6, '2014-01-04 12:00:00', '20.00', 1),
(20, 6, '2014-01-04 14:00:00', '17.50', 1),
(20, 6, '2014-01-04 16:00:00', '16.00', 1),
(20, 6, '2014-01-04 18:00:00', '7.00', 1),
(20, 6, '2014-01-04 20:00:00', '11.00', 1),
(20, 6, '2014-01-04 22:00:00', '15.00', 1),
(20, 6, '2014-01-04 23:59:59', '11.00', 1),
(20, 6, '2014-01-05 02:00:00', '16.00', 1),
(20, 6, '2014-01-05 04:00:00', '21.50', 1),
(20, 6, '2014-01-05 06:00:00', '20.00', 1),
(20, 6, '2014-01-05 08:00:00', '16.00', 1),
(20, 6, '2014-01-05 10:00:00', '20.00', 1),
(20, 6, '2014-01-05 12:00:00', '20.00', 1),
(20, 6, '2014-01-05 14:00:00', '17.50', 1),
(20, 6, '2014-01-05 16:00:00', '16.00', 1),
(20, 6, '2014-01-05 18:00:00', '7.00', 1),
(20, 6, '2014-01-05 20:00:00', '11.00', 1),
(20, 6, '2014-01-05 22:00:00', '15.00', 1),
(20, 6, '2014-01-05 23:59:59', '11.00', 1),
(20, 6, '2014-01-06 02:00:00', '16.00', 1),
(20, 6, '2014-01-06 04:00:00', '21.50', 1),
(20, 6, '2014-01-06 06:00:00', '20.00', 1),
(20, 6, '2014-01-06 08:00:00', '16.00', 1),
(20, 6, '2014-01-06 10:00:00', '20.00', 1),
(20, 6, '2014-01-06 12:00:00', '20.00', 1),
(20, 6, '2014-01-06 14:00:00', '17.50', 1),
(20, 6, '2014-01-06 16:00:00', '16.00', 1),
(20, 6, '2014-01-06 18:00:00', '7.00', 1),
(20, 6, '2014-01-06 20:00:00', '11.00', 1),
(20, 6, '2014-01-06 22:00:00', '15.00', 1),
(20, 6, '2014-01-06 23:59:59', '11.00', 1),
(20, 6, '2014-01-07 02:00:00', '16.00', 1),
(20, 6, '2014-01-07 04:00:00', '21.50', 1),
(20, 6, '2014-01-07 06:00:00', '20.00', 1),
(20, 6, '2014-01-07 08:00:00', '16.00', 1),
(20, 6, '2014-01-07 10:00:00', '20.00', 1),
(20, 6, '2014-01-07 12:00:00', '20.00', 1),
(20, 6, '2014-01-07 14:00:00', '17.50', 1),
(20, 6, '2014-01-07 16:00:00', '16.00', 1),
(20, 6, '2014-01-07 18:00:00', '7.00', 1),
(20, 6, '2014-01-07 20:00:00', '11.00', 1),
(20, 6, '2014-01-07 22:00:00', '15.00', 1),
(20, 6, '2014-01-07 23:59:59', '11.00', 1),
(20, 6, '2014-01-08 02:00:00', '16.00', 1),
(20, 6, '2014-01-08 04:00:00', '21.50', 1),
(20, 6, '2014-01-08 06:00:00', '20.00', 1),
(20, 6, '2014-01-08 08:00:00', '16.00', 1),
(20, 6, '2014-01-08 10:00:00', '20.00', 1),
(20, 6, '2014-01-08 12:00:00', '20.00', 1),
(20, 6, '2014-01-08 14:00:00', '17.50', 1),
(20, 6, '2014-01-08 16:00:00', '16.00', 1),
(20, 6, '2014-01-08 18:00:00', '7.00', 1),
(20, 6, '2014-01-08 20:00:00', '11.00', 1),
(20, 6, '2014-01-08 22:00:00', '15.00', 1),
(20, 6, '2014-01-08 23:59:59', '11.00', 1),
(20, 6, '2014-01-09 02:00:00', '16.00', 1),
(20, 6, '2014-01-09 04:00:00', '21.50', 1),
(20, 6, '2014-01-09 06:00:00', '20.00', 1),
(20, 6, '2014-01-09 08:00:00', '16.00', 1),
(20, 6, '2014-01-09 10:00:00', '20.00', 1),
(20, 6, '2014-01-09 12:00:00', '20.00', 1),
(20, 6, '2014-01-09 14:00:00', '17.50', 1),
(20, 6, '2014-01-09 16:00:00', '16.00', 1),
(20, 6, '2014-01-09 18:00:00', '7.00', 1),
(20, 6, '2014-01-09 20:00:00', '11.00', 1),
(20, 6, '2014-01-09 22:00:00', '15.00', 1),
(20, 6, '2014-01-09 23:59:59', '11.00', 1),
(20, 6, '2014-01-10 02:00:00', '16.00', 1),
(20, 6, '2014-01-10 04:00:00', '21.50', 1),
(20, 6, '2014-01-10 06:00:00', '20.00', 1),
(20, 6, '2014-01-10 08:00:00', '16.00', 1),
(20, 6, '2014-01-10 10:00:00', '20.00', 1),
(20, 6, '2014-01-10 12:00:00', '20.00', 1),
(20, 6, '2014-01-10 14:00:00', '17.50', 1),
(20, 6, '2014-01-10 16:00:00', '16.00', 1),
(20, 6, '2014-01-10 18:00:00', '7.00', 1),
(20, 6, '2014-01-10 20:00:00', '11.00', 1),
(20, 6, '2014-01-10 22:00:00', '15.00', 1),
(20, 6, '2014-01-10 23:59:59', '11.00', 1),
(20, 6, '2014-01-11 02:00:00', '16.00', 1),
(20, 6, '2014-01-11 04:00:00', '21.50', 1),
(20, 6, '2014-01-11 06:00:00', '20.00', 1),
(20, 6, '2014-01-11 08:00:00', '16.00', 1),
(20, 6, '2014-01-11 10:00:00', '20.00', 1),
(20, 6, '2014-01-11 12:00:00', '20.00', 1),
(20, 6, '2014-01-11 14:00:00', '17.50', 1),
(20, 6, '2014-01-11 16:00:00', '16.00', 1),
(20, 6, '2014-01-11 18:00:00', '7.00', 1),
(20, 6, '2014-01-11 20:00:00', '11.00', 1),
(20, 6, '2014-01-11 22:00:00', '15.00', 1),
(20, 6, '2014-01-11 23:59:59', '11.00', 1),
(20, 6, '2014-01-12 02:00:00', '16.00', 1),
(20, 6, '2014-01-12 04:00:00', '21.50', 1),
(20, 6, '2014-01-12 06:00:00', '20.00', 1),
(20, 6, '2014-01-12 08:00:00', '16.00', 1),
(20, 6, '2014-01-12 10:00:00', '20.00', 1),
(20, 6, '2014-01-12 12:00:00', '20.00', 1),
(20, 6, '2014-01-12 14:00:00', '17.50', 1),
(20, 6, '2014-01-12 16:00:00', '16.00', 1),
(20, 6, '2014-01-12 18:00:00', '7.00', 1),
(20, 6, '2014-01-12 20:00:00', '11.00', 1),
(20, 6, '2014-01-12 22:00:00', '15.00', 1),
(20, 6, '2014-01-12 23:59:59', '11.00', 1),
(20, 6, '2014-01-13 02:00:00', '16.00', 1),
(20, 6, '2014-01-13 04:00:00', '21.50', 1),
(20, 6, '2014-01-13 06:00:00', '20.00', 1),
(20, 6, '2014-01-13 08:00:00', '16.00', 1),
(20, 6, '2014-01-13 10:00:00', '20.00', 1),
(20, 6, '2014-01-13 12:00:00', '20.00', 1),
(20, 6, '2014-01-13 14:00:00', '17.50', 1),
(20, 6, '2014-01-13 16:00:00', '16.00', 1),
(20, 6, '2014-01-13 18:00:00', '7.00', 1),
(20, 6, '2014-01-13 20:00:00', '11.00', 1),
(20, 6, '2014-01-13 22:00:00', '15.00', 1),
(20, 6, '2014-01-13 23:59:59', '11.00', 1),
(20, 6, '2014-01-14 02:00:00', '16.00', 1),
(20, 6, '2014-01-14 04:00:00', '21.50', 1),
(20, 6, '2014-01-14 06:00:00', '20.00', 1),
(20, 6, '2014-01-14 08:00:00', '16.00', 1),
(20, 6, '2014-01-14 10:00:00', '20.00', 1),
(20, 6, '2014-01-14 12:00:00', '20.00', 1),
(20, 6, '2014-01-14 14:00:00', '17.50', 1),
(20, 6, '2014-01-14 16:00:00', '16.00', 1),
(20, 6, '2014-01-14 18:00:00', '7.00', 1),
(20, 6, '2014-01-14 20:00:00', '11.00', 1),
(20, 6, '2014-01-14 22:00:00', '15.00', 1),
(20, 6, '2014-01-14 23:59:59', '11.00', 1),
(20, 6, '2014-01-15 02:00:00', '16.00', 1),
(20, 6, '2014-01-15 04:00:00', '21.50', 1),
(20, 6, '2014-01-15 06:00:00', '20.00', 1),
(20, 6, '2014-01-15 08:00:00', '16.00', 1),
(20, 6, '2014-01-15 10:00:00', '20.00', 1),
(20, 6, '2014-01-15 12:00:00', '20.00', 1),
(20, 6, '2014-01-15 14:00:00', '17.50', 1),
(20, 6, '2014-01-15 16:00:00', '16.00', 1),
(20, 6, '2014-01-15 18:00:00', '7.00', 1),
(20, 6, '2014-01-15 20:00:00', '11.00', 1),
(20, 6, '2014-01-15 22:00:00', '15.00', 1),
(20, 6, '2014-01-15 23:59:59', '11.00', 1),
(20, 6, '2014-01-16 02:00:00', '16.00', 1),
(20, 6, '2014-01-16 04:00:00', '21.50', 1),
(20, 6, '2014-01-16 06:00:00', '20.00', 1),
(20, 6, '2014-01-16 08:00:00', '16.00', 1),
(20, 6, '2014-01-16 10:00:00', '20.00', 1),
(20, 6, '2014-01-16 12:00:00', '20.00', 1),
(20, 6, '2014-01-16 14:00:00', '17.50', 1),
(20, 6, '2014-01-16 16:00:00', '16.00', 1),
(20, 6, '2014-01-16 18:00:00', '7.00', 1),
(20, 6, '2014-01-16 20:00:00', '11.00', 1),
(20, 6, '2014-01-16 22:00:00', '15.00', 1),
(20, 6, '2014-01-16 23:59:59', '11.00', 1),
(20, 6, '2014-01-17 02:00:00', '16.00', 1),
(20, 6, '2014-01-17 04:00:00', '21.50', 1),
(20, 6, '2014-01-17 06:00:00', '20.00', 1),
(20, 6, '2014-01-17 08:00:00', '16.00', 1),
(20, 6, '2014-01-17 10:00:00', '20.00', 1),
(20, 6, '2014-01-17 12:00:00', '20.00', 1),
(20, 6, '2014-01-17 14:00:00', '17.50', 1),
(20, 6, '2014-01-17 16:00:00', '16.00', 1),
(20, 6, '2014-01-17 18:00:00', '7.00', 1),
(20, 6, '2014-01-17 20:00:00', '11.00', 1),
(20, 6, '2014-01-17 22:00:00', '15.00', 1),
(20, 6, '2014-01-17 23:59:59', '11.00', 1),
(20, 6, '2014-01-18 02:00:00', '16.00', 1),
(20, 6, '2014-01-18 04:00:00', '21.50', 1),
(20, 6, '2014-01-18 06:00:00', '20.00', 1),
(20, 6, '2014-01-18 08:00:00', '16.00', 1),
(20, 6, '2014-01-18 10:00:00', '20.00', 1),
(20, 6, '2014-01-18 12:00:00', '20.00', 1),
(20, 6, '2014-01-18 14:00:00', '17.50', 1),
(20, 6, '2014-01-18 16:00:00', '16.00', 1),
(20, 6, '2014-01-18 18:00:00', '7.00', 1),
(20, 6, '2014-01-18 20:00:00', '11.00', 1),
(20, 6, '2014-01-18 22:00:00', '15.00', 1),
(20, 6, '2014-01-18 23:59:59', '11.00', 1),
(20, 6, '2014-01-19 02:00:00', '16.00', 1),
(20, 6, '2014-01-19 04:00:00', '21.50', 1),
(20, 6, '2014-01-19 06:00:00', '20.00', 1),
(20, 6, '2014-01-19 08:00:00', '16.00', 1),
(20, 6, '2014-01-19 10:00:00', '20.00', 1),
(20, 6, '2014-01-19 12:00:00', '20.00', 1),
(20, 6, '2014-01-19 14:00:00', '17.50', 1),
(20, 6, '2014-01-19 16:00:00', '16.00', 1),
(20, 6, '2014-01-19 18:00:00', '7.00', 1),
(20, 6, '2014-01-19 20:00:00', '11.00', 1),
(20, 6, '2014-01-19 22:00:00', '15.00', 1),
(20, 6, '2014-01-19 23:59:59', '11.00', 1),
(20, 6, '2014-01-20 02:00:00', '16.00', 1),
(20, 6, '2014-01-20 04:00:00', '21.50', 1),
(20, 6, '2014-01-20 06:00:00', '20.00', 1),
(20, 6, '2014-01-20 08:00:00', '16.00', 1),
(20, 6, '2014-01-20 10:00:00', '20.00', 1),
(20, 6, '2014-01-20 12:00:00', '20.00', 1),
(20, 6, '2014-01-20 14:00:00', '17.50', 1),
(20, 6, '2014-01-20 16:00:00', '16.00', 1),
(20, 6, '2014-01-20 18:00:00', '7.00', 1),
(20, 6, '2014-01-20 20:00:00', '11.00', 1),
(20, 6, '2014-01-20 22:00:00', '15.00', 1),
(20, 6, '2014-01-20 23:59:59', '11.00', 1),
(20, 6, '2014-01-21 02:00:00', '16.00', 1),
(20, 6, '2014-01-21 04:00:00', '21.50', 1),
(20, 6, '2014-01-21 06:00:00', '20.00', 1),
(20, 6, '2014-01-21 08:00:00', '16.00', 1),
(20, 6, '2014-01-21 10:00:00', '20.00', 1),
(20, 6, '2014-01-21 12:00:00', '20.00', 1),
(20, 6, '2014-01-21 14:00:00', '17.50', 1),
(20, 6, '2014-01-21 16:00:00', '16.00', 1),
(20, 6, '2014-01-21 18:00:00', '7.00', 1),
(20, 6, '2014-01-21 20:00:00', '11.00', 1),
(20, 6, '2014-01-21 22:00:00', '15.00', 1),
(20, 6, '2014-01-21 23:59:59', '11.00', 1),
(20, 6, '2014-01-22 02:00:00', '16.00', 1),
(20, 6, '2014-01-22 04:00:00', '21.50', 1),
(20, 6, '2014-01-22 06:00:00', '20.00', 1),
(20, 6, '2014-01-22 08:00:00', '16.00', 1),
(20, 6, '2014-01-22 10:00:00', '20.00', 1),
(20, 6, '2014-01-22 12:00:00', '20.00', 1),
(20, 6, '2014-01-22 14:00:00', '17.50', 1),
(20, 6, '2014-01-22 16:00:00', '16.00', 1),
(20, 6, '2014-01-22 18:00:00', '7.00', 1),
(20, 6, '2014-01-22 20:00:00', '11.00', 1),
(20, 6, '2014-01-22 22:00:00', '15.00', 1),
(20, 6, '2014-01-22 23:59:59', '11.00', 1),
(20, 6, '2014-01-23 02:00:00', '16.00', 1),
(20, 6, '2014-01-23 04:00:00', '21.50', 1),
(20, 6, '2014-01-23 06:00:00', '20.00', 1),
(20, 6, '2014-01-23 08:00:00', '16.00', 1),
(20, 6, '2014-01-23 10:00:00', '20.00', 1),
(20, 6, '2014-01-23 12:00:00', '20.00', 1),
(20, 6, '2014-01-23 14:00:00', '17.50', 1),
(20, 6, '2014-01-23 16:00:00', '16.00', 1),
(20, 6, '2014-01-23 18:00:00', '7.00', 1),
(20, 6, '2014-01-23 20:00:00', '11.00', 1),
(20, 6, '2014-01-23 22:00:00', '15.00', 1),
(20, 6, '2014-01-23 23:59:59', '11.00', 1),
(20, 6, '2014-01-24 02:00:00', '16.00', 1),
(20, 6, '2014-01-24 04:00:00', '21.50', 1),
(20, 6, '2014-01-24 06:00:00', '20.00', 1),
(20, 6, '2014-01-24 08:00:00', '16.00', 1),
(20, 6, '2014-01-24 10:00:00', '20.00', 1),
(20, 6, '2014-01-24 12:00:00', '20.00', 1),
(20, 6, '2014-01-24 14:00:00', '17.50', 1),
(20, 6, '2014-01-24 16:00:00', '16.00', 1),
(20, 6, '2014-01-24 18:00:00', '7.00', 1),
(20, 6, '2014-01-24 20:00:00', '11.00', 1),
(20, 6, '2014-01-24 22:00:00', '15.00', 1),
(20, 6, '2014-01-24 23:59:59', '11.00', 1),
(20, 6, '2014-01-25 02:00:00', '16.00', 1),
(20, 6, '2014-01-25 04:00:00', '21.50', 1),
(20, 6, '2014-01-25 06:00:00', '20.00', 1),
(20, 6, '2014-01-25 08:00:00', '16.00', 1),
(20, 6, '2014-01-25 10:00:00', '20.00', 1),
(20, 6, '2014-01-25 12:00:00', '20.00', 1),
(20, 6, '2014-01-25 14:00:00', '17.50', 1),
(20, 6, '2014-01-25 16:00:00', '16.00', 1),
(20, 6, '2014-01-25 18:00:00', '7.00', 1),
(20, 6, '2014-01-25 20:00:00', '11.00', 1),
(20, 6, '2014-01-25 22:00:00', '15.00', 1),
(20, 6, '2014-01-25 23:59:59', '11.00', 1),
(20, 6, '2014-01-26 02:00:00', '16.00', 1),
(20, 6, '2014-01-26 04:00:00', '21.50', 1),
(20, 6, '2014-01-26 06:00:00', '20.00', 1),
(20, 6, '2014-01-26 08:00:00', '16.00', 1),
(20, 6, '2014-01-26 10:00:00', '20.00', 1),
(20, 6, '2014-01-26 12:00:00', '20.00', 1),
(20, 6, '2014-01-26 14:00:00', '17.50', 1),
(20, 6, '2014-01-26 16:00:00', '16.00', 1),
(20, 6, '2014-01-26 18:00:00', '7.00', 1),
(20, 6, '2014-01-26 20:00:00', '11.00', 1),
(20, 6, '2014-01-26 22:00:00', '15.00', 1),
(20, 6, '2014-01-26 23:59:59', '11.00', 1),
(20, 6, '2014-01-27 02:00:00', '16.00', 1),
(20, 6, '2014-01-27 04:00:00', '21.50', 1),
(20, 6, '2014-01-27 06:00:00', '20.00', 1),
(20, 6, '2014-01-27 08:00:00', '16.00', 1),
(20, 6, '2014-01-27 10:00:00', '20.00', 1),
(20, 6, '2014-01-27 12:00:00', '20.00', 1),
(20, 6, '2014-01-27 14:00:00', '17.50', 1),
(20, 6, '2014-01-27 16:00:00', '16.00', 1),
(20, 6, '2014-01-27 18:00:00', '7.00', 1),
(20, 6, '2014-01-27 20:00:00', '11.00', 1),
(20, 6, '2014-01-27 22:00:00', '15.00', 1),
(20, 6, '2014-01-27 23:59:59', '11.00', 1),
(20, 6, '2014-01-28 02:00:00', '16.00', 1),
(20, 6, '2014-01-28 04:00:00', '21.50', 1),
(20, 6, '2014-01-28 06:00:00', '20.00', 1),
(20, 6, '2014-01-28 08:00:00', '16.00', 1),
(20, 6, '2014-01-28 10:00:00', '20.00', 1),
(20, 6, '2014-01-28 12:00:00', '20.00', 1),
(20, 6, '2014-01-28 14:00:00', '17.50', 1),
(20, 6, '2014-01-28 16:00:00', '16.00', 1),
(20, 6, '2014-01-28 18:00:00', '7.00', 1),
(20, 6, '2014-01-28 20:00:00', '11.00', 1),
(20, 6, '2014-01-28 22:00:00', '15.00', 1),
(20, 6, '2014-01-28 23:59:59', '11.00', 1),
(20, 6, '2014-01-29 02:00:00', '16.00', 1),
(20, 6, '2014-01-29 04:00:00', '21.50', 1),
(20, 6, '2014-01-29 06:00:00', '20.00', 1),
(20, 6, '2014-01-29 08:00:00', '16.00', 1),
(20, 6, '2014-01-29 10:00:00', '20.00', 1),
(20, 6, '2014-01-29 12:00:00', '20.00', 1),
(20, 6, '2014-01-29 14:00:00', '17.50', 1),
(20, 6, '2014-01-29 16:00:00', '16.00', 1),
(20, 6, '2014-01-29 18:00:00', '7.00', 1),
(20, 6, '2014-01-29 20:00:00', '11.00', 1),
(20, 6, '2014-01-29 22:00:00', '15.00', 1),
(20, 6, '2014-01-29 23:59:59', '11.00', 1),
(20, 6, '2014-01-30 02:00:00', '16.00', 1),
(20, 6, '2014-01-30 04:00:00', '21.50', 1),
(20, 6, '2014-01-30 06:00:00', '20.00', 1),
(20, 6, '2014-01-30 08:00:00', '16.00', 1),
(20, 6, '2014-01-30 10:00:00', '20.00', 1),
(20, 6, '2014-01-30 12:00:00', '20.00', 1),
(20, 6, '2014-01-30 14:00:00', '17.50', 1),
(20, 6, '2014-01-30 16:00:00', '16.00', 1),
(20, 6, '2014-01-30 18:00:00', '7.00', 1),
(20, 6, '2014-01-30 20:00:00', '11.00', 1),
(20, 6, '2014-01-30 22:00:00', '15.00', 1),
(20, 6, '2014-01-30 23:59:59', '11.00', 1),
(20, 6, '2014-01-31 02:00:00', '16.00', 1),
(20, 6, '2014-01-31 04:00:00', '21.50', 1),
(20, 6, '2014-01-31 06:00:00', '20.00', 1),
(20, 6, '2014-01-31 08:00:00', '16.00', 1),
(20, 6, '2014-01-31 10:00:00', '20.00', 1),
(20, 6, '2014-01-31 12:00:00', '20.00', 1),
(20, 6, '2014-01-31 14:00:00', '17.50', 1),
(20, 6, '2014-01-31 16:00:00', '16.00', 1),
(20, 6, '2014-01-31 18:00:00', '7.00', 1),
(20, 6, '2014-01-31 20:00:00', '11.00', 1),
(20, 6, '2014-01-31 22:00:00', '15.00', 1),
(20, 6, '2014-01-31 23:59:59', '11.00', 1);

-- --------------------------------------------------------

--
-- Structure de la table `cereal`
--

DROP TABLE IF EXISTS `cereal`;
CREATE TABLE IF NOT EXISTS `cereal` (
  `Id_cereal` int NOT NULL AUTO_INCREMENT,
  `label_cereale` varchar(50) NOT NULL,
  `Id_culture` int NOT NULL,
  PRIMARY KEY (`Id_cereal`),
  UNIQUE KEY `Id_culture` (`Id_culture`),
  UNIQUE KEY `label_cereale` (`label_cereale`)
) ENGINE=InnoDB AUTO_INCREMENT=6 DEFAULT CHARSET=utf8mb3;

--
-- Déchargement des données de la table `cereal`
--

INSERT INTO `cereal` (`Id_cereal`, `label_cereale`, `Id_culture`) VALUES
(1, 'blé', 1),
(4, 'orge', 2),
(5, 'maïs', 4);

-- --------------------------------------------------------

--
-- Structure de la table `culture`
--

DROP TABLE IF EXISTS `culture`;
CREATE TABLE IF NOT EXISTS `culture` (
  `Id_culture` int NOT NULL AUTO_INCREMENT,
  PRIMARY KEY (`Id_culture`)
) ENGINE=InnoDB AUTO_INCREMENT=74 DEFAULT CHARSET=utf8mb3;

--
-- Déchargement des données de la table `culture`
--

INSERT INTO `culture` (`Id_culture`) VALUES
(1),
(2),
(3),
(4),
(5),
(6),
(7),
(8),
(9),
(10),
(11),
(12),
(13),
(14),
(15),
(16),
(17),
(18),
(19),
(20),
(21),
(22),
(23),
(24),
(25),
(26),
(27),
(28),
(29),
(30),
(31),
(32),
(33),
(34),
(35),
(36),
(37),
(38),
(39),
(40),
(41),
(42),
(43),
(44),
(45),
(46),
(47),
(48),
(49),
(50),
(51),
(52),
(53),
(54),
(55),
(56),
(57),
(58),
(59),
(60),
(61),
(62),
(63),
(64),
(65),
(66),
(67),
(68),
(69),
(70),
(71),
(72),
(73);

-- --------------------------------------------------------

--
-- Structure de la table `cult_give`
--

DROP TABLE IF EXISTS `cult_give`;
CREATE TABLE IF NOT EXISTS `cult_give` (
  `Id_Product` int NOT NULL,
  `Id_culture` int NOT NULL,
  `date_cult` datetime NOT NULL,
  `qtx_cult` decimal(15,2) DEFAULT NULL,
  `id_unity` int DEFAULT NULL,
  PRIMARY KEY (`Id_Product`,`Id_culture`,`date_cult`) USING BTREE,
  KEY `Id_culture` (`Id_culture`),
  KEY `FK_unity_cult_give` (`id_unity`)
) ENGINE=InnoDB DEFAULT CHARSET=utf8mb3;

--
-- Déchargement des données de la table `cult_give`
--

INSERT INTO `cult_give` (`Id_Product`, `Id_culture`, `date_cult`, `qtx_cult`, `id_unity`) VALUES
(3, 1, '2023-09-30 23:00:00', '193.00', 6),
(3, 1, '2023-09-30 23:15:00', '54.00', 6),
(3, 1, '2023-09-30 23:30:00', '1605.00', 6),
(3, 1, '2023-09-30 23:45:00', '60.00', 6),
(4, 2, '2023-09-30 23:10:00', '694.00', 6),
(4, 2, '2023-09-30 23:25:00', '4.00', 6),
(4, 2, '2023-09-30 23:40:00', '713.00', 6),
(4, 2, '2023-09-30 23:55:00', '37.00', 6),
(5, 4, '2014-10-31 23:59:59', '3750.00', 1),
(5, 4, '2014-11-30 23:59:59', '3750.00', 1),
(5, 4, '2023-09-30 23:20:00', '104.00', 6),
(5, 4, '2023-09-30 23:35:00', '11.00', 6),
(5, 4, '2023-09-30 23:50:00', '5.00', 6),
(6, 5, '2023-09-30 23:00:00', '988.00', 6),
(6, 5, '2023-09-30 23:10:00', '860.00', 6),
(6, 5, '2023-09-30 23:15:00', '1780.00', 6),
(6, 5, '2023-09-30 23:20:00', '143.00', 6),
(6, 5, '2023-09-30 23:25:00', '11.00', 6),
(6, 5, '2023-09-30 23:30:00', '3152.00', 6),
(6, 5, '2023-09-30 23:35:00', '287.00', 6),
(6, 5, '2023-09-30 23:40:00', '7545.00', 6),
(6, 5, '2023-09-30 23:45:00', '244.00', 6),
(6, 5, '2023-09-30 23:50:00', '59.00', 6),
(6, 5, '2023-09-30 23:55:00', '86.00', 6),
(9, 8, '2023-09-30 23:00:00', '425.00', 6),
(9, 8, '2023-09-30 23:10:00', '258.00', 6),
(9, 8, '2023-09-30 23:15:00', '1324.00', 6),
(9, 8, '2023-09-30 23:20:00', '64.00', 6),
(9, 8, '2023-09-30 23:30:00', '2690.00', 6),
(9, 8, '2023-09-30 23:35:00', '59.00', 6),
(9, 8, '2023-09-30 23:40:00', '7217.00', 6),
(9, 8, '2023-09-30 23:45:00', '5.00', 6),
(9, 8, '2023-09-30 23:50:00', '55.00', 6),
(9, 8, '2023-09-30 23:55:00', '3.00', 6),
(19, 17, '2014-09-30 23:59:59', '9000.00', 1),
(19, 17, '2014-10-31 23:59:59', '9000.00', 1),
(21, 4, '2014-10-31 23:59:59', '250.00', 1),
(21, 4, '2014-11-30 23:59:59', '250.00', 1),
(21, 8, '2014-06-30 23:59:59', '500.00', 1),
(21, 8, '2014-07-31 23:59:59', '500.00', 1),
(21, 8, '2014-08-31 23:59:59', '500.00', 1),
(21, 8, '2014-09-30 23:59:59', '500.00', 1),
(21, 8, '2014-10-31 23:59:59', '500.00', 1),
(21, 10, '2014-06-30 23:59:59', '500.00', 1),
(21, 10, '2014-07-31 23:59:59', '500.00', 1),
(21, 10, '2014-08-31 23:59:59', '500.00', 1),
(21, 10, '2014-09-30 23:59:59', '500.00', 1),
(21, 10, '2014-10-31 23:59:59', '500.00', 1),
(21, 13, '2014-06-30 23:59:59', '12500.00', 1),
(21, 13, '2014-07-31 23:59:59', '12500.00', 1),
(21, 14, '2014-06-30 23:59:59', '1667.00', 1),
(21, 14, '2014-07-31 23:59:59', '1667.00', 1),
(21, 14, '2014-08-31 23:59:59', '1667.00', 1),
(21, 14, '2014-09-30 23:59:59', '1667.00', 1),
(21, 14, '2014-10-31 23:59:59', '1667.00', 1),
(21, 14, '2014-11-30 23:59:59', '1667.00', 1),
(21, 15, '2014-03-31 23:59:59', '833.30', 1),
(21, 15, '2014-04-30 23:59:59', '833.30', 1),
(21, 15, '2014-05-31 23:59:59', '833.30', 1),
(21, 15, '2014-06-30 23:59:59', '833.30', 1),
(21, 15, '2014-07-31 23:59:59', '833.30', 1),
(21, 15, '2014-08-31 23:59:59', '833.30', 1);

-- --------------------------------------------------------

--
-- Structure de la table `cult_is_for`
--

DROP TABLE IF EXISTS `cult_is_for`;
CREATE TABLE IF NOT EXISTS `cult_is_for` (
  `Id_Type_Field` int NOT NULL,
  `Id_culture` int NOT NULL,
  `date_cult_typed` datetime NOT NULL,
  PRIMARY KEY (`Id_Type_Field`,`Id_culture`),
  KEY `Id_culture` (`Id_culture`)
) ENGINE=InnoDB DEFAULT CHARSET=utf8mb3;

-- --------------------------------------------------------

--
-- Structure de la table `dosage_cult`
--

DROP TABLE IF EXISTS `dosage_cult`;
CREATE TABLE IF NOT EXISTS `dosage_cult` (
  `Id_culture` int NOT NULL,
  `Id_treatement` int NOT NULL,
  `date_dosage_cult` date DEFAULT NULL,
  `qttx_dosage_cult` decimal(15,2) DEFAULT NULL,
  PRIMARY KEY (`Id_culture`,`Id_treatement`),
  KEY `Id_treatement` (`Id_treatement`)
) ENGINE=InnoDB DEFAULT CHARSET=utf8mb3;

-- --------------------------------------------------------

--
-- Structure de la table `dosage_horti`
--

DROP TABLE IF EXISTS `dosage_horti`;
CREATE TABLE IF NOT EXISTS `dosage_horti` (
  `Id_treatement` int NOT NULL,
  `Id_Horticulture` int NOT NULL,
  `date_dosage_horti` date DEFAULT NULL,
  `qttx_dosage_horti` decimal(15,2) DEFAULT NULL,
  PRIMARY KEY (`Id_treatement`,`Id_Horticulture`),
  KEY `Id_Horticulture` (`Id_Horticulture`)
) ENGINE=InnoDB DEFAULT CHARSET=utf8mb3;

-- --------------------------------------------------------

--
-- Structure de la table `employee`
--

DROP TABLE IF EXISTS `employee`;
CREATE TABLE IF NOT EXISTS `employee` (
  `Id_employee` int NOT NULL AUTO_INCREMENT,
  `First_name` varchar(60) DEFAULT NULL,
  `Last_name` varchar(50) DEFAULT NULL,
  `N_SS` int NOT NULL,
  `Id_Role` int NOT NULL,
  `Id_Speciality` int NOT NULL,
  PRIMARY KEY (`Id_employee`),
  UNIQUE KEY `N_SS` (`N_SS`),
  KEY `Id_Role` (`Id_Role`),
  KEY `Id_Speciality` (`Id_Speciality`)
) ENGINE=InnoDB DEFAULT CHARSET=utf8mb3;

-- --------------------------------------------------------

--
-- Structure de la table `energy`
--

DROP TABLE IF EXISTS `energy`;
CREATE TABLE IF NOT EXISTS `energy` (
  `Id_Energy` int NOT NULL AUTO_INCREMENT,
  `label_ener` varchar(50) NOT NULL,
  PRIMARY KEY (`Id_Energy`),
  UNIQUE KEY `label_ener` (`label_ener`)
) ENGINE=InnoDB AUTO_INCREMENT=3 DEFAULT CHARSET=utf8mb3;

--
-- Déchargement des données de la table `energy`
--

INSERT INTO `energy` (`Id_Energy`, `label_ener`) VALUES
(1, 'electricité'),
(2, 'gaz');

-- --------------------------------------------------------

--
-- Structure de la table `energy_by_time`
--

DROP TABLE IF EXISTS `energy_by_time`;
CREATE TABLE IF NOT EXISTS `energy_by_time` (
  `Id_Energy` int NOT NULL,
  `Id_time_period` int NOT NULL,
  `Id_Month` int NOT NULL,
  `qtx_ener` decimal(15,2) DEFAULT NULL,
  PRIMARY KEY (`Id_Energy`,`Id_time_period`,`Id_Month`),
  KEY `Id_time_period` (`Id_time_period`),
  KEY `Id_Month` (`Id_Month`)
) ENGINE=InnoDB DEFAULT CHARSET=utf8mb3;

--
-- Déchargement des données de la table `energy_by_time`
--

INSERT INTO `energy_by_time` (`Id_Energy`, `Id_time_period`, `Id_Month`, `qtx_ener`) VALUES
(1, 1, 1, '96.37'),
(1, 1, 2, '71.40'),
(1, 1, 3, '56.01'),
(1, 1, 4, '121.68'),
(1, 1, 5, '122.56'),
(1, 1, 6, '76.34'),
(1, 1, 7, '83.73'),
(1, 1, 8, '149.08'),
(1, 1, 9, '71.53'),
(1, 1, 10, '109.36'),
(1, 1, 11, '139.68'),
(1, 1, 12, '99.29'),
(1, 2, 1, '129.13'),
(1, 2, 2, '58.42'),
(1, 2, 3, '94.65'),
(1, 2, 4, '60.26'),
(1, 2, 5, '75.99'),
(1, 2, 6, '109.12'),
(1, 2, 7, '86.22'),
(1, 2, 8, '46.55'),
(1, 2, 9, '61.24'),
(1, 2, 10, '117.22'),
(1, 2, 11, '161.61'),
(1, 2, 12, '133.68'),
(1, 3, 1, '120.37'),
(1, 3, 2, '108.32'),
(1, 3, 3, '32.73'),
(1, 3, 4, '142.56'),
(1, 3, 5, '158.67'),
(1, 3, 6, '110.31'),
(1, 3, 7, '67.29'),
(1, 3, 8, '122.35'),
(1, 3, 9, '98.77'),
(1, 3, 10, '95.10'),
(1, 3, 11, '71.67'),
(1, 3, 12, '149.08'),
(1, 4, 1, '96.56'),
(1, 4, 2, '52.47'),
(1, 4, 3, '75.69'),
(1, 4, 4, '87.39'),
(1, 4, 5, '159.13'),
(1, 4, 6, '89.78'),
(1, 4, 7, '78.96'),
(1, 4, 8, '94.21'),
(1, 4, 9, '82.21'),
(1, 4, 10, '95.53'),
(1, 4, 11, '119.81'),
(1, 4, 12, '28.76'),
(1, 5, 1, '121.57'),
(1, 5, 2, '70.61'),
(1, 5, 3, '121.82'),
(1, 5, 4, '109.59'),
(1, 5, 5, '75.22'),
(1, 5, 6, '39.40'),
(1, 5, 7, '60.67'),
(1, 5, 8, '117.81'),
(1, 5, 9, '75.91'),
(1, 5, 10, '90.60'),
(1, 5, 11, '132.82'),
(1, 5, 12, '107.04'),
(1, 6, 1, '122.33'),
(1, 6, 2, '68.45'),
(1, 6, 3, '76.48'),
(1, 6, 4, '105.83'),
(1, 6, 5, '61.34'),
(1, 6, 6, '67.94'),
(1, 6, 7, '99.08'),
(1, 6, 8, '95.70'),
(1, 6, 9, '149.76'),
(1, 6, 10, '35.22'),
(1, 6, 11, '74.31'),
(1, 6, 12, '109.09'),
(1, 7, 1, '107.00'),
(1, 7, 2, '118.22'),
(1, 7, 3, '111.29'),
(1, 7, 4, '53.40'),
(1, 7, 5, '103.77'),
(1, 7, 6, '100.14'),
(1, 7, 7, '102.68'),
(1, 7, 8, '65.94'),
(1, 7, 9, '113.67'),
(1, 7, 10, '113.61'),
(1, 7, 11, '134.38'),
(1, 7, 12, '92.19'),
(1, 8, 1, '99.89'),
(1, 8, 2, '86.98'),
(1, 8, 3, '55.42'),
(1, 8, 4, '94.08'),
(1, 8, 5, '47.85'),
(1, 8, 6, '119.54'),
(1, 8, 7, '92.04'),
(1, 8, 8, '98.67'),
(1, 8, 9, '69.63'),
(1, 8, 10, '146.14'),
(1, 8, 11, '114.56'),
(1, 8, 12, '124.31'),
(1, 9, 1, '43.04'),
(1, 9, 2, '106.62'),
(1, 9, 3, '92.30'),
(1, 9, 4, '107.54'),
(1, 9, 5, '81.37'),
(1, 9, 6, '115.07'),
(1, 9, 7, '143.80'),
(1, 9, 8, '90.23'),
(1, 9, 9, '54.16'),
(1, 9, 10, '129.58'),
(1, 9, 11, '112.20'),
(1, 9, 12, '123.48'),
(1, 10, 1, '65.28'),
(1, 10, 2, '107.54'),
(1, 10, 3, '133.22'),
(1, 10, 4, '78.88'),
(1, 10, 5, '86.97'),
(1, 10, 6, '112.01'),
(1, 10, 7, '115.65'),
(1, 10, 8, '159.81'),
(1, 10, 9, '84.03'),
(1, 10, 10, '180.01'),
(1, 10, 11, '22.48'),
(1, 10, 12, '113.90'),
(1, 11, 1, '91.60'),
(1, 11, 2, '120.72'),
(1, 11, 3, '96.89'),
(1, 11, 4, '94.74'),
(1, 11, 5, '97.94'),
(1, 11, 6, '43.52'),
(1, 11, 7, '110.65'),
(1, 11, 8, '75.72'),
(1, 11, 9, '67.25'),
(1, 11, 10, '75.45'),
(1, 11, 11, '30.13'),
(1, 11, 12, '96.23'),
(1, 12, 1, '68.15'),
(1, 12, 2, '69.35'),
(1, 12, 3, '128.42'),
(1, 12, 4, '132.41'),
(1, 12, 5, '52.56'),
(1, 12, 6, '78.24'),
(1, 12, 7, '137.11'),
(1, 12, 8, '57.18'),
(1, 12, 9, '70.79'),
(1, 12, 10, '158.73'),
(1, 12, 11, '100.89'),
(1, 12, 12, '49.28');

-- --------------------------------------------------------

--
-- Structure de la table `feed`
--

DROP TABLE IF EXISTS `feed`;
CREATE TABLE IF NOT EXISTS `feed` (
  `Id_feed` int NOT NULL AUTO_INCREMENT,
  `label_feed` varchar(50) NOT NULL,
  `Id_culture` int NOT NULL,
  PRIMARY KEY (`Id_feed`),
  UNIQUE KEY `Id_culture` (`Id_culture`),
  UNIQUE KEY `label_feed` (`label_feed`)
) ENGINE=InnoDB AUTO_INCREMENT=4 DEFAULT CHARSET=utf8mb3;

--
-- Déchargement des données de la table `feed`
--

INSERT INTO `feed` (`Id_feed`, `label_feed`, `Id_culture`) VALUES
(1, 'foin', 13),
(2, 'paille', 14),
(3, 'fanes', 15);

-- --------------------------------------------------------

--
-- Structure de la table `feed_breeding`
--

DROP TABLE IF EXISTS `feed_breeding`;
CREATE TABLE IF NOT EXISTS `feed_breeding` (
  `Id_breeding` int NOT NULL,
  `Id_culture` int NOT NULL,
  `date_feed` datetime DEFAULT NULL,
  `qtx_feed` decimal(15,2) DEFAULT NULL,
  `id_unity` int DEFAULT NULL,
  PRIMARY KEY (`Id_breeding`,`Id_culture`),
  KEY `Id_culture` (`Id_culture`),
  KEY `FK_unity_feed_breeding` (`id_unity`)
) ENGINE=InnoDB DEFAULT CHARSET=utf8mb3;

-- --------------------------------------------------------

--
-- Structure de la table `field`
--

DROP TABLE IF EXISTS `field`;
CREATE TABLE IF NOT EXISTS `field` (
  `Num_Field` int NOT NULL AUTO_INCREMENT,
  `label_field` varchar(60) DEFAULT NULL,
  `gps_id` varchar(100) NOT NULL,
  `Id_Type_Field` int DEFAULT NULL,
  PRIMARY KEY (`Num_Field`),
  UNIQUE KEY `gps_id` (`gps_id`),
  KEY `Id_Type_Field` (`Id_Type_Field`)
) ENGINE=InnoDB AUTO_INCREMENT=107 DEFAULT CHARSET=utf8mb3;

--
-- Déchargement des données de la table `field`
--

INSERT INTO `field` (`Num_Field`, `label_field`, `gps_id`, `Id_Type_Field`) VALUES
(1, '78', '46.679160, 3.757724', 4),
(2, '42', '48.453961, -1.046988', 5),
(3, '47', '49.234798, 5.997437', 4),
(4, '3', '43.782179, -0.871206', 1),
(15, '4', '43.524430, 5.979131', 2),
(16, '5', '46.620884, 1.762702', 3),
(17, '6', '48.360699, 0.743968', 4),
(18, '7', '48.398290, 2.951226', 5),
(19, '8', '48.351297, 5.512211', 1),
(20, '9', '47.612584, -0.840730', 2),
(21, '10', '47.831509, 1.309932', 3),
(22, '11', '47.831509, 3.432295', 4),
(23, '12', '47.831509, 5.073589', 5),
(24, '13', '46.601445, -0.090828', 1),
(25, '14', '46.679160, 5.229229', 6),
(26, '15', '45.640367, -0.204021', 6),
(27, '16', '45.660148, 1.239186', 7),
(28, '17', '45.778690, 4.083153', 8),
(29, '18', '44.882904, -0.072478', 6),
(30, '19', '44.957040, 2.719488', 2),
(31, '20', '45.018748, 4.726213', 6),
(32, '21', '45.055740, 5.965148', 5),
(33, '22', '48.630793, 4.747854', 6),
(34, '23', '48.572672, 5.780569', 2),
(35, '24', '45.519501, 0.353323', 1),
(36, '25', '45.504103, 1.034476', 5),
(37, '26', '45.303551, 2.199026', 3),
(38, '27', '45.795938, 3.407522', 7),
(39, '28', '44.760064, 5.011526', 8),
(40, '29', '44.274379, 6.110159', 4),
(41, '30', '48.222540, 1.232230', 2),
(42, '31', '47.928921, 1.144339', 6),
(43, '32', '47.127773, 1.078421', 5),
(44, '33', '47.112821, 3.583304', 6),
(45, '34', '47.082905, 4.000784', 2),
(46, '35', '48.616269, 4.374319', 1),
(47, '36', '49.508865, 4.462210', 5),
(48, '37', '48.963692, 5.011526', 3),
(49, '38', '48.877062, 6.417776', 7),
(50, '39', '50.273253, 2.111136', 8),
(51, '40', '45.164290, 1.693655', 4),
(52, '41', '49.821744, 3.737112', 2),
(53, '42', '49.807566, 4.176565', 6),
(54, '43', '49.608635, 4.659964', 5),
(55, '44', '49.351670, 4.374319', 6),
(56, '45', '49.423185, 5.253225', 2),
(57, '46', '49.006951, 4.835745', 1),
(58, '47', '48.978116, 6.417776', 5),
(59, '48', '49.006951, 7.274710', 3),
(60, '49', '50.245158, 3.539358', 7),
(61, '50', '49.835918, 3.671194', 8),
(62, '51', '50.245158, 2.286917', 4),
(74, '52', '49.064571, 0.627982', 2),
(75, '53', '48.775803, 0.474173', 6),
(76, '54', '48.412494, 0.430228', 5),
(77, '55', '48.046570, 0.737845', 6),
(78, '56', '47.766717, 0.693900', 2),
(79, '57', '48.499926, 2.034231', 1),
(80, '58', '49.006951, 3.308645', 5),
(81, '59', '49.551649, 4.583059', 3),
(82, '60', '48.963692, 4.627005', 7),
(83, '61', '48.645313, 4.319388', 8),
(84, '62', '48.368721, 4.539114', 4),
(96, '63', '45.148796, 2.012259', 2),
(97, '64', '44.806850, 1.924368', 6),
(98, '65', '44.478546, 1.880423', 5),
(99, '66', '44.993619, 0.759817', 6),
(100, '67', '45.765290, 0.693900', 2),
(101, '68', '46.147177, -0.448679', 1),
(102, '69', '47.202467, -0.294870', 5),
(103, '70', '46.782824, -0.778268', 3),
(104, '71', '44.447182, -0.800241', 7),
(105, '72', '44.101067, -0.778268', 8),
(106, '73', '43.721161, -0.712350', 4);

-- --------------------------------------------------------

--
-- Structure de la table `field_set`
--

DROP TABLE IF EXISTS `field_set`;
CREATE TABLE IF NOT EXISTS `field_set` (
  `Id_Unity` int NOT NULL,
  `Num_Field` int NOT NULL,
  `set_delivered` int DEFAULT NULL,
  PRIMARY KEY (`Id_Unity`,`Num_Field`),
  KEY `Num_Field` (`Num_Field`)
) ENGINE=InnoDB DEFAULT CHARSET=utf8mb3;

--
-- Déchargement des données de la table `field_set`
--

INSERT INTO `field_set` (`Id_Unity`, `Num_Field`, `set_delivered`) VALUES
(2, 4, 20),
(2, 15, 200),
(2, 16, 2),
(2, 17, 20),
(2, 18, 20),
(2, 20, 1400),
(2, 23, 400),
(2, 25, 200),
(2, 26, 600),
(2, 27, 20),
(2, 28, 20),
(2, 30, 20),
(2, 31, 200),
(2, 32, 2),
(2, 33, 200),
(2, 34, 200),
(2, 35, 2),
(2, 36, 20),
(2, 37, 2),
(2, 38, 2),
(2, 39, 20),
(2, 40, 2),
(2, 41, 20),
(2, 42, 20),
(2, 43, 20),
(2, 44, 400),
(2, 45, 1400),
(2, 46, 20),
(2, 47, 200),
(2, 49, 20),
(2, 50, 2),
(2, 51, 2),
(2, 52, 2),
(2, 53, 20),
(2, 54, 2),
(2, 55, 20),
(2, 56, 20),
(2, 57, 2),
(2, 58, 2),
(2, 60, 2),
(2, 61, 2),
(2, 62, 2),
(2, 74, 2),
(2, 75, 2),
(2, 76, 2),
(2, 77, 2),
(2, 78, 2),
(2, 79, 2),
(2, 80, 2),
(2, 82, 2),
(2, 83, 2),
(2, 84, 2),
(2, 96, 2),
(2, 97, 20),
(2, 98, 2),
(2, 99, 20),
(2, 100, 2),
(2, 101, 2),
(2, 102, 2),
(2, 105, 2),
(2, 106, 2),
(5, 4, 20000),
(5, 15, 200000),
(5, 16, 2000),
(5, 17, 20000),
(5, 18, 20000),
(5, 20, 1400000),
(5, 23, 400000),
(5, 25, 200000),
(5, 26, 600000),
(5, 27, 20000),
(5, 28, 20000),
(5, 30, 20000),
(5, 31, 200000),
(5, 32, 2000),
(5, 33, 200000),
(5, 34, 200000),
(5, 35, 2000),
(5, 36, 20000),
(5, 37, 2000),
(5, 38, 2000),
(5, 39, 20000),
(5, 40, 2000),
(5, 41, 20000),
(5, 42, 20000),
(5, 43, 20000),
(5, 44, 400000),
(5, 45, 1400000),
(5, 46, 20000),
(5, 47, 200000),
(5, 49, 20000),
(5, 50, 2000),
(5, 51, 2000),
(5, 52, 2000),
(5, 53, 20000),
(5, 54, 2000),
(5, 55, 20000),
(5, 56, 20000),
(5, 57, 2000),
(5, 58, 2000),
(5, 60, 20),
(5, 61, 200),
(5, 62, 200),
(5, 74, 200),
(5, 75, 2000),
(5, 76, 2000),
(5, 77, 2000),
(5, 78, 2000),
(5, 79, 2000),
(5, 80, 2000),
(5, 82, 200),
(5, 83, 20),
(5, 84, 20),
(5, 96, 200),
(5, 97, 2000),
(5, 98, 200),
(5, 99, 2000),
(5, 100, 200),
(5, 101, 20),
(5, 102, 20),
(5, 105, 20),
(5, 106, 20);

-- --------------------------------------------------------

--
-- Structure de la table `fruit`
--

DROP TABLE IF EXISTS `fruit`;
CREATE TABLE IF NOT EXISTS `fruit` (
  `Id_fruit` int NOT NULL AUTO_INCREMENT,
  `label_fruit` varchar(50) NOT NULL,
  `Id_Horticulture` int NOT NULL,
  PRIMARY KEY (`Id_fruit`),
  UNIQUE KEY `Id_Horticulture` (`Id_Horticulture`),
  UNIQUE KEY `label_fruit` (`label_fruit`)
) ENGINE=InnoDB AUTO_INCREMENT=10 DEFAULT CHARSET=utf8mb3;

--
-- Déchargement des données de la table `fruit`
--

INSERT INTO `fruit` (`Id_fruit`, `label_fruit`, `Id_Horticulture`) VALUES
(1, 'fraise', 1),
(2, 'pomme', 2),
(3, 'abricot', 7),
(4, 'poire', 8),
(5, 'pêche', 9),
(6, 'framboise', 10),
(7, 'groseille', 11),
(8, 'noisette', 12),
(9, 'amande', 13);

-- --------------------------------------------------------

--
-- Structure de la table `horticulture`
--

DROP TABLE IF EXISTS `horticulture`;
CREATE TABLE IF NOT EXISTS `horticulture` (
  `Id_Horticulture` int NOT NULL AUTO_INCREMENT,
  PRIMARY KEY (`Id_Horticulture`)
) ENGINE=InnoDB AUTO_INCREMENT=21 DEFAULT CHARSET=utf8mb3;

--
-- Déchargement des données de la table `horticulture`
--

INSERT INTO `horticulture` (`Id_Horticulture`) VALUES
(1),
(2),
(3),
(4),
(5),
(6),
(7),
(8),
(9),
(10),
(11),
(12),
(13),
(14),
(15),
(16),
(17),
(18),
(19),
(20);

-- --------------------------------------------------------

--
-- Structure de la table `horti_give`
--

DROP TABLE IF EXISTS `horti_give`;
CREATE TABLE IF NOT EXISTS `horti_give` (
  `Id_Product` int NOT NULL,
  `Id_Horticulture` int NOT NULL,
  `date_horti` datetime NOT NULL DEFAULT CURRENT_TIMESTAMP,
  `qtx_horti` decimal(15,2) DEFAULT NULL,
  `id_unity` int DEFAULT NULL,
  PRIMARY KEY (`Id_Product`,`Id_Horticulture`,`date_horti`) USING BTREE,
  KEY `Id_Horticulture` (`Id_Horticulture`),
  KEY `FK_unity_horti_give` (`id_unity`)
) ENGINE=InnoDB DEFAULT CHARSET=utf8mb3;

--
-- Déchargement des données de la table `horti_give`
--

INSERT INTO `horti_give` (`Id_Product`, `Id_Horticulture`, `date_horti`, `qtx_horti`, `id_unity`) VALUES
(11, 4, '2023-09-30 23:10:00', '401.00', 6),
(11, 4, '2023-09-30 23:45:00', '0.70', 6),
(11, 4, '2023-09-30 23:50:00', '2.40', 6),
(22, 3, '2023-09-30 23:00:00', '37.00', 6),
(22, 3, '2023-09-30 23:35:00', '0.40', 6),
(22, 3, '2023-09-30 23:40:00', '139.00', 6),
(23, 5, '2023-09-30 21:55:00', '0.50', 6),
(23, 5, '2023-09-30 23:15:00', '45.00', 6),
(23, 5, '2023-09-30 23:20:00', '44.00', 6),
(24, 6, '2023-09-30 23:30:00', '467.00', 6),
(25, 1, '2023-09-30 20:45:00', '0.08', 6),
(25, 1, '2023-09-30 22:00:00', '3.00', 6),
(25, 1, '2023-09-30 22:15:00', '0.55', 6),
(25, 1, '2023-09-30 22:30:00', '54.00', 6),
(25, 1, '2023-09-30 22:55:00', '0.03', 6),
(25, 1, '2023-09-30 23:00:00', '16.00', 6),
(26, 2, '2023-09-30 23:10:00', '56.00', 6),
(27, 7, '2023-09-30 23:20:00', '26.00', 6),
(28, 8, '2023-09-30 23:30:00', '262.00', 6),
(29, 9, '2023-09-30 23:40:00', '164.00', 6),
(30, 10, '2023-09-29 23:50:00', '35.00', 6),
(30, 10, '2023-09-30 22:10:00', '100.00', 6),
(30, 10, '2023-09-30 22:40:00', '1.50', 6),
(30, 10, '2023-09-30 23:55:00', '0.05', 6),
(31, 11, '2023-09-30 22:20:00', '19.00', 6),
(31, 11, '2023-09-30 22:45:00', '0.02', 6),
(31, 11, '2023-09-30 22:50:00', '0.05', 6),
(31, 11, '2023-09-30 23:15:00', '8.50', 6),
(33, 13, '2023-09-30 21:35:00', '0.02', 6);

-- --------------------------------------------------------

--
-- Structure de la table `horti_is_for`
--

DROP TABLE IF EXISTS `horti_is_for`;
CREATE TABLE IF NOT EXISTS `horti_is_for` (
  `Id_Type_Field` int NOT NULL,
  `Id_Horticulture` int NOT NULL,
  PRIMARY KEY (`Id_Type_Field`,`Id_Horticulture`),
  KEY `Id_Horticulture` (`Id_Horticulture`)
) ENGINE=InnoDB DEFAULT CHARSET=utf8mb3;

-- --------------------------------------------------------

--
-- Structure de la table `is_ani_affilied`
--

DROP TABLE IF EXISTS `is_ani_affilied`;
CREATE TABLE IF NOT EXISTS `is_ani_affilied` (
  `Num_Field` int NOT NULL,
  `Id_breeding` int NOT NULL,
  `date_ani_affilied` varchar(50) DEFAULT NULL,
  PRIMARY KEY (`Num_Field`,`Id_breeding`),
  KEY `Id_breeding` (`Id_breeding`)
) ENGINE=InnoDB DEFAULT CHARSET=utf8mb3;

-- --------------------------------------------------------

--
-- Structure de la table `is_cult_affilied`
--

DROP TABLE IF EXISTS `is_cult_affilied`;
CREATE TABLE IF NOT EXISTS `is_cult_affilied` (
  `Num_Field` int NOT NULL,
  `Id_culture` int NOT NULL,
  `date_cult_affilied` datetime DEFAULT NULL,
  PRIMARY KEY (`Num_Field`,`Id_culture`),
  KEY `Id_culture` (`Id_culture`)
) ENGINE=InnoDB DEFAULT CHARSET=utf8mb3;

--
-- Déchargement des données de la table `is_cult_affilied`
--

INSERT INTO `is_cult_affilied` (`Num_Field`, `Id_culture`, `date_cult_affilied`) VALUES
(4, 5, '2023-09-30 23:50:00'),
(15, 5, '2023-09-30 23:00:00'),
(16, 5, '2023-09-30 23:25:00'),
(17, 5, '2023-09-30 23:55:00'),
(18, 5, '2023-09-30 23:20:00'),
(20, 5, '2023-09-30 23:40:00'),
(23, 5, '2023-09-30 23:15:00'),
(25, 5, '2023-09-30 23:10:00'),
(26, 5, '2023-09-30 23:30:00'),
(27, 5, '2023-09-30 23:35:00'),
(28, 5, '2023-09-30 23:45:00'),
(30, 1, '2023-09-30 23:00:00'),
(31, 2, '2023-09-30 23:10:00'),
(32, 4, '2023-09-30 23:20:00'),
(33, 1, '2023-09-30 23:30:00'),
(34, 2, '2023-09-30 23:40:00'),
(35, 4, '2023-09-30 23:50:00'),
(36, 1, '2023-09-30 23:15:00'),
(37, 2, '2023-09-30 23:25:00'),
(38, 4, '2023-09-30 23:35:00'),
(39, 1, '2023-09-30 23:45:00'),
(40, 2, '2023-09-30 23:55:00'),
(41, 8, '2023-09-30 23:00:00'),
(42, 8, '2023-09-30 23:10:00'),
(43, 8, '2023-09-30 23:20:00'),
(44, 8, '2023-09-30 23:30:00'),
(45, 8, '2023-09-30 23:40:00'),
(46, 8, '2023-09-30 23:50:00'),
(47, 8, '2023-09-30 23:15:00'),
(49, 8, '2023-09-30 23:35:00'),
(50, 8, '2023-09-30 23:45:00'),
(51, 8, '2023-09-30 23:55:00');

-- --------------------------------------------------------

--
-- Structure de la table `is_cult_set`
--

DROP TABLE IF EXISTS `is_cult_set`;
CREATE TABLE IF NOT EXISTS `is_cult_set` (
  `Id_employee` int NOT NULL,
  `Id_culture` int NOT NULL,
  `date_cult_set` date DEFAULT NULL,
  PRIMARY KEY (`Id_employee`,`Id_culture`),
  KEY `Id_culture` (`Id_culture`)
) ENGINE=InnoDB DEFAULT CHARSET=utf8mb3;

-- --------------------------------------------------------

--
-- Structure de la table `is_ener_affilied`
--

DROP TABLE IF EXISTS `is_ener_affilied`;
CREATE TABLE IF NOT EXISTS `is_ener_affilied` (
  `Num_Field` int NOT NULL,
  `Id_Energy` int NOT NULL,
  `date_ener_affilied` datetime NOT NULL,
  PRIMARY KEY (`Num_Field`,`Id_Energy`,`date_ener_affilied`) USING BTREE,
  KEY `Id_Energy` (`Id_Energy`)
) ENGINE=InnoDB DEFAULT CHARSET=utf8mb3;

-- --------------------------------------------------------

--
-- Structure de la table `is_horti_affilied`
--

DROP TABLE IF EXISTS `is_horti_affilied`;
CREATE TABLE IF NOT EXISTS `is_horti_affilied` (
  `Num_Field` int NOT NULL,
  `Id_Horticulture` int NOT NULL,
  `date_horti_affilied` datetime DEFAULT NULL,
  PRIMARY KEY (`Num_Field`,`Id_Horticulture`),
  KEY `Id_Horticulture` (`Id_Horticulture`)
) ENGINE=InnoDB DEFAULT CHARSET=utf8mb3;

--
-- Déchargement des données de la table `is_horti_affilied`
--

INSERT INTO `is_horti_affilied` (`Num_Field`, `Id_Horticulture`, `date_horti_affilied`) VALUES
(52, 3, '2023-09-30 23:00:00'),
(53, 4, '2023-09-30 23:10:00'),
(54, 5, '2023-09-30 23:20:00'),
(55, 6, '2023-09-30 23:30:00'),
(56, 3, '2023-09-30 23:40:00'),
(57, 4, '2023-09-30 23:50:00'),
(58, 5, '2023-09-30 23:15:00'),
(60, 11, '2023-09-30 22:45:00'),
(61, 4, '2023-09-30 23:45:00'),
(62, 5, '2023-09-30 21:55:00'),
(74, 1, '2023-09-30 23:00:00'),
(75, 2, '2023-09-30 23:10:00'),
(76, 7, '2023-09-30 23:20:00'),
(77, 8, '2023-09-30 23:30:00'),
(78, 9, '2023-09-30 23:40:00'),
(79, 10, '2023-09-29 23:50:00'),
(80, 11, '2023-09-30 23:15:00'),
(82, 3, '2023-09-30 23:35:00'),
(83, 1, '2023-09-30 20:45:00'),
(84, 11, '2023-09-30 22:50:00'),
(96, 1, '2023-09-30 22:00:00'),
(97, 10, '2023-09-30 22:10:00'),
(98, 11, '2023-09-30 22:20:00'),
(99, 1, '2023-09-30 22:30:00'),
(100, 10, '2023-09-30 22:40:00'),
(101, 10, '2023-09-30 23:55:00'),
(102, 1, '2023-09-30 22:15:00'),
(105, 13, '2023-09-30 21:35:00'),
(106, 1, '2023-09-30 22:55:00');

-- --------------------------------------------------------

--
-- Structure de la table `is_horti_set`
--

DROP TABLE IF EXISTS `is_horti_set`;
CREATE TABLE IF NOT EXISTS `is_horti_set` (
  `Id_employee` int NOT NULL,
  `Id_Horticulture` int NOT NULL,
  `date_horti_set` date DEFAULT NULL,
  PRIMARY KEY (`Id_employee`,`Id_Horticulture`),
  KEY `Id_Horticulture` (`Id_Horticulture`)
) ENGINE=InnoDB DEFAULT CHARSET=utf8mb3;

-- --------------------------------------------------------

--
-- Structure de la table `is_of`
--

DROP TABLE IF EXISTS `is_of`;
CREATE TABLE IF NOT EXISTS `is_of` (
  `Id_animal` int NOT NULL,
  `Id_race` int NOT NULL,
  PRIMARY KEY (`Id_animal`,`Id_race`),
  KEY `Id_race` (`Id_race`)
) ENGINE=InnoDB DEFAULT CHARSET=utf8mb3;

-- --------------------------------------------------------

--
-- Structure de la table `is_part_of`
--

DROP TABLE IF EXISTS `is_part_of`;
CREATE TABLE IF NOT EXISTS `is_part_of` (
  `Id_breeding` int NOT NULL,
  `Id_animal` int NOT NULL,
  `date_part_of` datetime DEFAULT NULL,
  PRIMARY KEY (`Id_breeding`,`Id_animal`),
  KEY `is_part_of_ibfk_2` (`Id_animal`) USING BTREE
) ENGINE=InnoDB DEFAULT CHARSET=utf8mb3;

--
-- Déchargement des données de la table `is_part_of`
--

INSERT INTO `is_part_of` (`Id_breeding`, `Id_animal`, `date_part_of`) VALUES
(6, 177, '2014-01-01 10:40:28'),
(6, 178, '2014-01-01 10:40:28'),
(6, 179, '2014-01-01 10:40:28'),
(6, 180, '2014-01-01 10:40:28'),
(6, 181, '2014-01-01 10:40:28'),
(6, 182, '2014-01-01 10:40:28'),
(6, 183, '2014-01-01 10:40:28'),
(6, 184, '2014-01-01 10:40:28'),
(6, 185, '2014-01-01 10:40:28'),
(6, 186, '2014-01-01 10:40:28'),
(6, 187, '2014-01-01 10:40:28'),
(6, 188, '2014-01-01 10:40:28'),
(6, 189, '2014-01-01 10:40:28'),
(6, 190, '2014-01-01 10:40:28'),
(6, 191, '2014-01-01 10:40:28'),
(6, 192, '2014-01-01 10:40:28'),
(6, 193, '2014-01-01 10:40:28'),
(6, 194, '2014-01-01 10:40:28'),
(6, 195, '2014-01-01 10:40:28'),
(6, 196, '2014-01-01 10:40:28'),
(6, 197, '2014-01-01 10:40:28'),
(6, 198, '2014-01-01 10:40:28'),
(6, 199, '2014-01-01 10:40:28'),
(6, 200, '2014-01-01 10:40:28'),
(6, 201, '2014-01-01 10:40:28'),
(6, 202, '2014-01-01 10:40:28'),
(6, 203, '2014-01-01 10:40:28'),
(6, 204, '2014-01-01 10:40:28'),
(6, 205, '2014-01-01 10:40:28'),
(6, 206, '2014-01-01 10:40:28'),
(6, 207, '2014-01-01 10:40:28'),
(6, 208, '2014-01-01 10:40:28'),
(6, 209, '2014-01-01 10:40:28'),
(6, 210, '2014-01-01 10:40:28'),
(6, 211, '2014-01-01 10:40:28'),
(6, 212, '2014-01-01 10:40:28'),
(6, 213, '2014-01-01 10:40:28'),
(6, 214, '2014-01-01 10:40:28'),
(6, 215, '2014-01-01 10:40:28'),
(6, 216, '2014-01-01 10:40:28'),
(6, 217, '2014-01-01 10:40:28'),
(6, 218, '2014-01-01 10:40:28'),
(6, 219, '2014-01-01 10:40:28'),
(6, 220, '2014-01-01 10:40:28'),
(6, 221, '2014-01-01 10:40:28'),
(6, 222, '2014-01-01 10:40:28'),
(6, 223, '2014-01-01 10:40:28'),
(6, 224, '2014-01-01 10:40:28'),
(6, 225, '2014-01-01 10:40:28'),
(6, 226, '2014-01-01 10:40:28'),
(6, 227, '2014-01-01 10:40:28'),
(6, 228, '2014-01-01 10:40:28'),
(6, 229, '2014-01-01 10:40:28'),
(6, 230, '2014-01-01 10:40:28'),
(6, 231, '2014-01-01 10:40:28'),
(6, 232, '2014-01-01 10:40:28'),
(6, 233, '2014-01-01 10:40:28'),
(6, 234, '2014-01-01 10:40:28'),
(6, 235, '2014-01-01 10:40:28'),
(6, 236, '2014-01-01 10:40:28'),
(6, 237, '2014-01-01 10:40:28'),
(6, 238, '2014-01-01 10:40:28'),
(6, 239, '2014-01-01 10:40:28'),
(6, 254, '2014-01-01 10:40:28'),
(6, 255, '2014-01-01 10:40:28'),
(6, 256, '2014-01-01 10:40:28'),
(6, 257, '2014-01-01 10:40:28'),
(6, 258, '2014-01-01 10:40:28'),
(6, 259, '2014-01-01 10:40:28'),
(6, 260, '2014-01-01 10:40:28'),
(6, 261, '2014-01-01 10:40:28'),
(6, 262, '2014-01-01 10:40:28'),
(6, 263, '2014-01-01 10:40:28'),
(6, 264, '2014-01-01 10:40:28'),
(6, 265, '2014-01-01 10:40:28'),
(6, 266, '2014-01-01 10:40:28'),
(6, 267, '2014-01-01 10:40:28');

-- --------------------------------------------------------

--
-- Structure de la table `is_treated`
--

DROP TABLE IF EXISTS `is_treated`;
CREATE TABLE IF NOT EXISTS `is_treated` (
  `Num_Field` int NOT NULL,
  `Id_treatement` int NOT NULL,
  `date_treatement` date DEFAULT NULL,
  `qtx_treat` decimal(15,2) DEFAULT NULL,
  PRIMARY KEY (`Num_Field`,`Id_treatement`),
  KEY `Id_treatement` (`Id_treatement`)
) ENGINE=InnoDB DEFAULT CHARSET=utf8mb3;

--
-- Déchargement des données de la table `is_treated`
--

INSERT INTO `is_treated` (`Num_Field`, `Id_treatement`, `date_treatement`, `qtx_treat`) VALUES
(20, 6, '2024-03-26', '6.50'),
(23, 6, '2024-03-26', '6.50'),
(26, 6, '2024-03-26', '6.50'),
(33, 6, '2024-03-25', '6.50'),
(34, 6, '2024-03-25', '6.50'),
(36, 6, '2024-03-25', '6.50'),
(44, 6, '2024-03-26', '6.50'),
(45, 6, '2024-03-26', '6.50'),
(47, 6, '2024-03-26', '6.50'),
(55, 6, '2024-04-23', '6.50'),
(56, 6, '2024-04-23', '6.50'),
(58, 6, '2024-04-23', '6.50'),
(77, 6, '2024-04-24', '6.50'),
(78, 6, '2024-04-24', '6.50'),
(80, 6, '2024-04-24', '6.50'),
(99, 6, '2024-04-24', '6.50'),
(100, 6, '2024-04-24', '6.50'),
(102, 6, '2024-04-24', '6.50');

-- --------------------------------------------------------

--
-- Structure de la table `is_treat_type`
--

DROP TABLE IF EXISTS `is_treat_type`;
CREATE TABLE IF NOT EXISTS `is_treat_type` (
  `Id_treatement` int NOT NULL,
  `Id_treatement_type` int NOT NULL,
  PRIMARY KEY (`Id_treatement`,`Id_treatement_type`),
  KEY `Id_treatement_type` (`Id_treatement_type`)
) ENGINE=InnoDB DEFAULT CHARSET=utf8mb3;

--
-- Déchargement des données de la table `is_treat_type`
--

INSERT INTO `is_treat_type` (`Id_treatement`, `Id_treatement_type`) VALUES
(1, 4),
(2, 4),
(3, 4),
(4, 4),
(5, 4),
(6, 4);

-- --------------------------------------------------------

--
-- Structure de la table `is_type_of`
--

DROP TABLE IF EXISTS `is_type_of`;
CREATE TABLE IF NOT EXISTS `is_type_of` (
  `Id_animal` int NOT NULL,
  `Id_animal_type` int NOT NULL,
  PRIMARY KEY (`Id_animal`,`Id_animal_type`),
  KEY `Id_animal_type` (`Id_animal_type`)
) ENGINE=InnoDB DEFAULT CHARSET=utf8mb3;

-- --------------------------------------------------------

--
-- Structure de la table `link_to_at`
--

DROP TABLE IF EXISTS `link_to_at`;
CREATE TABLE IF NOT EXISTS `link_to_at` (
  `Id_Unity` int NOT NULL,
  `Id_animal_type` int NOT NULL,
  PRIMARY KEY (`Id_Unity`,`Id_animal_type`),
  KEY `Id_animal_type` (`Id_animal_type`)
) ENGINE=InnoDB DEFAULT CHARSET=utf8mb3;

-- --------------------------------------------------------

--
-- Structure de la table `link_to_cereal`
--

DROP TABLE IF EXISTS `link_to_cereal`;
CREATE TABLE IF NOT EXISTS `link_to_cereal` (
  `Id_Unity` int NOT NULL,
  `Id_cereal` int NOT NULL,
  PRIMARY KEY (`Id_Unity`,`Id_cereal`),
  KEY `Id_cereal` (`Id_cereal`)
) ENGINE=InnoDB DEFAULT CHARSET=utf8mb3;

--
-- Déchargement des données de la table `link_to_cereal`
--

INSERT INTO `link_to_cereal` (`Id_Unity`, `Id_cereal`) VALUES
(1, 5);

-- --------------------------------------------------------

--
-- Structure de la table `link_to_ener`
--

DROP TABLE IF EXISTS `link_to_ener`;
CREATE TABLE IF NOT EXISTS `link_to_ener` (
  `Id_Unity` int NOT NULL,
  `Id_Energy` int NOT NULL,
  PRIMARY KEY (`Id_Unity`,`Id_Energy`),
  KEY `Id_Energy` (`Id_Energy`)
) ENGINE=InnoDB DEFAULT CHARSET=utf8mb3;

-- --------------------------------------------------------

--
-- Structure de la table `link_to_feed`
--

DROP TABLE IF EXISTS `link_to_feed`;
CREATE TABLE IF NOT EXISTS `link_to_feed` (
  `Id_Unity` int NOT NULL,
  `Id_feed` int NOT NULL,
  PRIMARY KEY (`Id_Unity`,`Id_feed`),
  KEY `Id_feed` (`Id_feed`)
) ENGINE=InnoDB DEFAULT CHARSET=utf8mb3;

--
-- Déchargement des données de la table `link_to_feed`
--

INSERT INTO `link_to_feed` (`Id_Unity`, `Id_feed`) VALUES
(1, 1),
(1, 2),
(1, 3);

-- --------------------------------------------------------

--
-- Structure de la table `link_to_fruit`
--

DROP TABLE IF EXISTS `link_to_fruit`;
CREATE TABLE IF NOT EXISTS `link_to_fruit` (
  `Id_Unity` int NOT NULL,
  `Id_fruit` int NOT NULL,
  PRIMARY KEY (`Id_Unity`,`Id_fruit`),
  KEY `Id_fruit` (`Id_fruit`)
) ENGINE=InnoDB DEFAULT CHARSET=utf8mb3;

-- --------------------------------------------------------

--
-- Structure de la table `link_to_oleaginous`
--

DROP TABLE IF EXISTS `link_to_oleaginous`;
CREATE TABLE IF NOT EXISTS `link_to_oleaginous` (
  `Id_Unity` int NOT NULL,
  `Id_oleaginous` int NOT NULL,
  PRIMARY KEY (`Id_Unity`,`Id_oleaginous`),
  KEY `Id_oleaginous` (`Id_oleaginous`)
) ENGINE=InnoDB DEFAULT CHARSET=utf8mb3;

--
-- Déchargement des données de la table `link_to_oleaginous`
--

INSERT INTO `link_to_oleaginous` (`Id_Unity`, `Id_oleaginous`) VALUES
(1, 3);

-- --------------------------------------------------------

--
-- Structure de la table `link_to_tt`
--

DROP TABLE IF EXISTS `link_to_tt`;
CREATE TABLE IF NOT EXISTS `link_to_tt` (
  `Id_Unity` int NOT NULL,
  `Id_treatement_type` int NOT NULL,
  PRIMARY KEY (`Id_Unity`,`Id_treatement_type`),
  KEY `Id_treatement_type` (`Id_treatement_type`)
) ENGINE=InnoDB DEFAULT CHARSET=utf8mb3;

-- --------------------------------------------------------

--
-- Structure de la table `link_to_under_earth`
--

DROP TABLE IF EXISTS `link_to_under_earth`;
CREATE TABLE IF NOT EXISTS `link_to_under_earth` (
  `Id_Unity` int NOT NULL,
  `Id_under_earth` int NOT NULL,
  PRIMARY KEY (`Id_Unity`,`Id_under_earth`),
  KEY `Id_under_earth` (`Id_under_earth`)
) ENGINE=InnoDB DEFAULT CHARSET=utf8mb3;

--
-- Déchargement des données de la table `link_to_under_earth`
--

INSERT INTO `link_to_under_earth` (`Id_Unity`, `Id_under_earth`) VALUES
(1, 4),
(1, 6);

-- --------------------------------------------------------

--
-- Structure de la table `link_to_vege`
--

DROP TABLE IF EXISTS `link_to_vege`;
CREATE TABLE IF NOT EXISTS `link_to_vege` (
  `Id_Unity` int NOT NULL,
  `Id_vegetable` int NOT NULL,
  PRIMARY KEY (`Id_Unity`,`Id_vegetable`),
  KEY `Id_vegetable` (`Id_vegetable`)
) ENGINE=InnoDB DEFAULT CHARSET=utf8mb3;

-- --------------------------------------------------------

--
-- Structure de la table `month_product`
--

DROP TABLE IF EXISTS `month_product`;
CREATE TABLE IF NOT EXISTS `month_product` (
  `Id_Month` int NOT NULL AUTO_INCREMENT,
  `label_name` varchar(50) NOT NULL,
  PRIMARY KEY (`Id_Month`),
  UNIQUE KEY `label_name` (`label_name`)
) ENGINE=InnoDB AUTO_INCREMENT=13 DEFAULT CHARSET=utf8mb3;

--
-- Déchargement des données de la table `month_product`
--

INSERT INTO `month_product` (`Id_Month`, `label_name`) VALUES
(8, 'aout'),
(4, 'avr'),
(12, 'déc'),
(2, 'fév'),
(1, 'janv'),
(7, 'juil'),
(6, 'juin'),
(5, 'mai'),
(3, 'mars'),
(11, 'nov'),
(10, 'oct'),
(9, 'sept');

-- --------------------------------------------------------

--
-- Structure de la table `oleaginous`
--

DROP TABLE IF EXISTS `oleaginous`;
CREATE TABLE IF NOT EXISTS `oleaginous` (
  `Id_oleaginous` int NOT NULL AUTO_INCREMENT,
  `label_oleaginous` varchar(50) NOT NULL,
  `Id_culture` int NOT NULL,
  PRIMARY KEY (`Id_oleaginous`),
  UNIQUE KEY `Id_culture` (`Id_culture`),
  UNIQUE KEY `label_oleaginous` (`label_oleaginous`)
) ENGINE=InnoDB AUTO_INCREMENT=4 DEFAULT CHARSET=utf8mb3;

--
-- Déchargement des données de la table `oleaginous`
--

INSERT INTO `oleaginous` (`Id_oleaginous`, `label_oleaginous`, `Id_culture`) VALUES
(1, 'graine de lin', 3),
(2, 'tournesol', 16),
(3, 'soja', 17);

-- --------------------------------------------------------

--
-- Structure de la table `production`
--

DROP TABLE IF EXISTS `production`;
CREATE TABLE IF NOT EXISTS `production` (
  `Id_Product` int NOT NULL AUTO_INCREMENT,
  `product_name` varchar(60) NOT NULL,
  PRIMARY KEY (`Id_Product`),
  UNIQUE KEY `product_name` (`product_name`)
) ENGINE=InnoDB AUTO_INCREMENT=34 DEFAULT CHARSET=utf8mb3;

--
-- Déchargement des données de la table `production`
--

INSERT INTO `production` (`Id_Product`, `product_name`) VALUES
(27, 'abricot'),
(33, 'amande'),
(9, 'betterave'),
(3, 'blé'),
(20, 'bouse'),
(7, 'carotte'),
(12, 'céleri-rave'),
(23, 'courgette'),
(16, 'fanes'),
(14, 'foin'),
(21, 'fourrage'),
(25, 'fraise'),
(30, 'framboise'),
(13, 'gingembre'),
(31, 'groseille'),
(24, 'laitue'),
(17, 'lin'),
(5, 'maïs'),
(10, 'navet'),
(32, 'noisette'),
(4, 'orge'),
(15, 'paille'),
(8, 'panais'),
(29, 'pêche'),
(28, 'poire'),
(22, 'poireau'),
(26, 'pomme'),
(6, 'pomme de terre'),
(11, 'radis'),
(19, 'soja'),
(18, 'tournesol');

-- --------------------------------------------------------

--
-- Structure de la table `product_energy`
--

DROP TABLE IF EXISTS `product_energy`;
CREATE TABLE IF NOT EXISTS `product_energy` (
  `Id_Product` int NOT NULL,
  `Id_Energy` int NOT NULL,
  `qtx_production` int NOT NULL,
  `date_production` datetime NOT NULL,
  `id_unity` int DEFAULT NULL,
  PRIMARY KEY (`Id_Product`,`Id_Energy`,`date_production`) USING BTREE,
  KEY `Id_Energy` (`Id_Energy`),
  KEY `FK_unity_product_energy` (`id_unity`)
) ENGINE=InnoDB DEFAULT CHARSET=utf8mb3;

-- --------------------------------------------------------

--
-- Structure de la table `race`
--

DROP TABLE IF EXISTS `race`;
CREATE TABLE IF NOT EXISTS `race` (
  `Id_race` int NOT NULL AUTO_INCREMENT,
  `label_race` varchar(50) NOT NULL,
  PRIMARY KEY (`Id_race`),
  UNIQUE KEY `label_race` (`label_race`)
) ENGINE=InnoDB AUTO_INCREMENT=26 DEFAULT CHARSET=utf8mb3;

--
-- Déchargement des données de la table `race`
--

INSERT INTO `race` (`Id_race`, `label_race`) VALUES
(1, 'abondance'),
(2, 'aubrac'),
(3, 'bazadaise'),
(4, 'blanc bleu'),
(5, 'bleu nord'),
(6, 'blonde d\'aquitaine'),
(7, 'bretonne pie noire'),
(8, 'brune'),
(9, 'camarguaise'),
(10, 'charolaise'),
(11, 'corse'),
(12, 'gasconne'),
(13, 'jersiaise'),
(14, 'limousine'),
(15, 'montbéliarde'),
(16, 'normande'),
(17, 'parthenaise'),
(18, 'pie rouge des plaines'),
(19, 'prim hosltein'),
(20, 'rouge des prés'),
(21, 'rouge flamande'),
(22, 'salers'),
(23, 'simmental française'),
(24, 'tarentaise'),
(25, 'vosgienne');

-- --------------------------------------------------------

--
-- Structure de la table `recruit`
--

DROP TABLE IF EXISTS `recruit`;
CREATE TABLE IF NOT EXISTS `recruit` (
  `Id_employee` int NOT NULL,
  `Id_employee_1` int NOT NULL,
  `date_recruit` date DEFAULT NULL,
  PRIMARY KEY (`Id_employee`,`Id_employee_1`),
  KEY `Id_employee_1` (`Id_employee_1`)
) ENGINE=InnoDB DEFAULT CHARSET=utf8mb3;

-- --------------------------------------------------------

--
-- Structure de la table `rh`
--

DROP TABLE IF EXISTS `rh`;
CREATE TABLE IF NOT EXISTS `rh` (
  `Id_Rh` int NOT NULL AUTO_INCREMENT,
  `label_rh_job` varchar(50) NOT NULL,
  `Id_Role` int NOT NULL,
  PRIMARY KEY (`Id_Rh`),
  UNIQUE KEY `Id_Role` (`Id_Role`),
  UNIQUE KEY `label_rh_job` (`label_rh_job`)
) ENGINE=InnoDB DEFAULT CHARSET=utf8mb3;

-- --------------------------------------------------------

--
-- Structure de la table `role`
--

DROP TABLE IF EXISTS `role`;
CREATE TABLE IF NOT EXISTS `role` (
  `Id_Role` int NOT NULL AUTO_INCREMENT,
  PRIMARY KEY (`Id_Role`)
) ENGINE=InnoDB DEFAULT CHARSET=utf8mb3;

-- --------------------------------------------------------

--
-- Structure de la table `speciality`
--

DROP TABLE IF EXISTS `speciality`;
CREATE TABLE IF NOT EXISTS `speciality` (
  `Id_Speciality` int NOT NULL AUTO_INCREMENT,
  `speciality_label` varchar(50) NOT NULL,
  PRIMARY KEY (`Id_Speciality`),
  UNIQUE KEY `speciality_label` (`speciality_label`)
) ENGINE=InnoDB DEFAULT CHARSET=utf8mb3;

-- --------------------------------------------------------

--
-- Structure de la table `time_period`
--

DROP TABLE IF EXISTS `time_period`;
CREATE TABLE IF NOT EXISTS `time_period` (
  `Id_time_period` int NOT NULL AUTO_INCREMENT,
  `begin_hour` time DEFAULT NULL,
  `end_hour` time DEFAULT NULL,
  PRIMARY KEY (`Id_time_period`),
  UNIQUE KEY `begin_hour` (`begin_hour`),
  UNIQUE KEY `end_hour` (`end_hour`)
) ENGINE=InnoDB AUTO_INCREMENT=13 DEFAULT CHARSET=utf8mb3;

--
-- Déchargement des données de la table `time_period`
--

INSERT INTO `time_period` (`Id_time_period`, `begin_hour`, `end_hour`) VALUES
(1, '00:00:00', '01:59:00'),
(2, '02:00:00', '03:59:00'),
(3, '04:00:00', '05:59:00'),
(4, '06:00:00', '07:59:00'),
(5, '08:00:00', '09:59:00'),
(6, '10:00:00', '11:59:00'),
(7, '12:00:00', '13:59:00'),
(8, '14:00:00', '15:59:00'),
(9, '16:00:00', '17:59:00'),
(10, '18:00:00', '19:59:00'),
(11, '20:00:00', '21:59:00'),
(12, '22:00:00', '23:59:00');

-- --------------------------------------------------------

--
-- Structure de la table `treatement`
--

DROP TABLE IF EXISTS `treatement`;
CREATE TABLE IF NOT EXISTS `treatement` (
  `Id_treatement` int NOT NULL AUTO_INCREMENT,
  `label_treatement` varchar(50) NOT NULL,
  PRIMARY KEY (`Id_treatement`),
  UNIQUE KEY `label_treatement` (`label_treatement`)
) ENGINE=InnoDB AUTO_INCREMENT=7 DEFAULT CHARSET=utf8mb3;

--
-- Déchargement des données de la table `treatement`
--

INSERT INTO `treatement` (`Id_treatement`, `label_treatement`) VALUES
(1, 'corne'),
(2, 'guano'),
(4, 'poudre d\'os'),
(6, 'purin'),
(3, 'sang desséché'),
(5, 'tourteau de ricin');

-- --------------------------------------------------------

--
-- Structure de la table `treatement_type`
--

DROP TABLE IF EXISTS `treatement_type`;
CREATE TABLE IF NOT EXISTS `treatement_type` (
  `Id_treatement_type` int NOT NULL AUTO_INCREMENT,
  `label_treatement_type` varchar(50) NOT NULL,
  PRIMARY KEY (`Id_treatement_type`),
  UNIQUE KEY `label_treatement_type` (`label_treatement_type`)
) ENGINE=InnoDB AUTO_INCREMENT=7 DEFAULT CHARSET=utf8mb3;

--
-- Déchargement des données de la table `treatement_type`
--

INSERT INTO `treatement_type` (`Id_treatement_type`, `label_treatement_type`) VALUES
(4, 'engrais liquides'),
(2, 'fongicides'),
(1, 'herbicides'),
(3, 'insecticides');

-- --------------------------------------------------------

--
-- Structure de la table `type_field`
--

DROP TABLE IF EXISTS `type_field`;
CREATE TABLE IF NOT EXISTS `type_field` (
  `Id_Type_Field` int NOT NULL AUTO_INCREMENT,
  `name_field` varchar(60) NOT NULL,
  PRIMARY KEY (`Id_Type_Field`),
  UNIQUE KEY `name_field` (`name_field`)
) ENGINE=InnoDB AUTO_INCREMENT=9 DEFAULT CHARSET=utf8mb3;

--
-- Déchargement des données de la table `type_field`
--

INSERT INTO `type_field` (`Id_Type_Field`, `name_field`) VALUES
(6, 'argile'),
(7, 'argilo-tourbeux'),
(1, 'calcaire'),
(8, 'humifère'),
(5, 'limon'),
(2, 'sable'),
(3, 'silice'),
(4, 'tourbe');

-- --------------------------------------------------------

--
-- Structure de la table `under_earth`
--

DROP TABLE IF EXISTS `under_earth`;
CREATE TABLE IF NOT EXISTS `under_earth` (
  `Id_under_earth` int NOT NULL AUTO_INCREMENT,
  `label_under_earth` varchar(50) NOT NULL,
  `Id_culture` int NOT NULL,
  PRIMARY KEY (`Id_under_earth`),
  UNIQUE KEY `Id_culture` (`Id_culture`),
  UNIQUE KEY `label_under_earth` (`label_under_earth`)
) ENGINE=InnoDB AUTO_INCREMENT=9 DEFAULT CHARSET=utf8mb3;

--
-- Déchargement des données de la table `under_earth`
--

INSERT INTO `under_earth` (`Id_under_earth`, `label_under_earth`, `Id_culture`) VALUES
(1, 'pomme de terre', 5),
(2, 'carotte', 6),
(3, 'panais', 7),
(4, 'betterave', 8),
(5, 'navet', 9),
(6, 'radis', 10),
(7, 'céleri-rave', 11),
(8, 'gingembre', 12);

-- --------------------------------------------------------

--
-- Structure de la table `unity`
--

DROP TABLE IF EXISTS `unity`;
CREATE TABLE IF NOT EXISTS `unity` (
  `Id_Unity` int NOT NULL AUTO_INCREMENT,
  `label_unity` varchar(50) NOT NULL,
  PRIMARY KEY (`Id_Unity`),
  UNIQUE KEY `label_unity` (`label_unity`)
) ENGINE=InnoDB AUTO_INCREMENT=7 DEFAULT CHARSET=utf8mb3;

--
-- Déchargement des données de la table `unity`
--

INSERT INTO `unity` (`Id_Unity`, `label_unity`) VALUES
(4, 'ha'),
(1, 'kg'),
(3, 'l'),
(2, 'm'),
(5, 'm2'),
(6, 't');

-- --------------------------------------------------------

--
-- Structure de la table `vegetable`
--

DROP TABLE IF EXISTS `vegetable`;
CREATE TABLE IF NOT EXISTS `vegetable` (
  `Id_vegetable` int NOT NULL AUTO_INCREMENT,
  `label_vegetable` varchar(50) NOT NULL,
  `Id_Horticulture` int NOT NULL,
  PRIMARY KEY (`Id_vegetable`),
  UNIQUE KEY `Id_Horticulture` (`Id_Horticulture`),
  UNIQUE KEY `label_vegetable` (`label_vegetable`)
) ENGINE=InnoDB AUTO_INCREMENT=5 DEFAULT CHARSET=utf8mb3;

--
-- Déchargement des données de la table `vegetable`
--

INSERT INTO `vegetable` (`Id_vegetable`, `label_vegetable`, `Id_Horticulture`) VALUES
(1, 'poireau', 3),
(2, 'radis', 4),
(3, 'courgette', 5),
(4, 'laitue', 6);

--
-- Contraintes pour les tables déchargées
--

--
-- Contraintes pour la table `agriculteur`
--
ALTER TABLE `agriculteur`
  ADD CONSTRAINT `agriculteur_ibfk_1` FOREIGN KEY (`Id_Role`) REFERENCES `role` (`Id_Role`);

--
-- Contraintes pour la table `breed_give`
--
ALTER TABLE `breed_give`
  ADD CONSTRAINT `breed_give_ibfk_1` FOREIGN KEY (`Id_Product`) REFERENCES `production` (`Id_Product`),
  ADD CONSTRAINT `breed_give_ibfk_2` FOREIGN KEY (`Id_breeding`) REFERENCES `breeding` (`Id_breeding`),
  ADD CONSTRAINT `FK_unity_breed_give` FOREIGN KEY (`id_unity`) REFERENCES `unity` (`Id_Unity`) ON DELETE RESTRICT ON UPDATE RESTRICT;

--
-- Contraintes pour la table `cereal`
--
ALTER TABLE `cereal`
  ADD CONSTRAINT `cereal_ibfk_1` FOREIGN KEY (`Id_culture`) REFERENCES `culture` (`Id_culture`);

--
-- Contraintes pour la table `cult_give`
--
ALTER TABLE `cult_give`
  ADD CONSTRAINT `cult_give_ibfk_1` FOREIGN KEY (`Id_Product`) REFERENCES `production` (`Id_Product`),
  ADD CONSTRAINT `cult_give_ibfk_2` FOREIGN KEY (`Id_culture`) REFERENCES `culture` (`Id_culture`),
  ADD CONSTRAINT `FK_unity_cult_give` FOREIGN KEY (`id_unity`) REFERENCES `unity` (`Id_Unity`) ON DELETE RESTRICT ON UPDATE RESTRICT;

--
-- Contraintes pour la table `cult_is_for`
--
ALTER TABLE `cult_is_for`
  ADD CONSTRAINT `cult_is_for_ibfk_1` FOREIGN KEY (`Id_Type_Field`) REFERENCES `type_field` (`Id_Type_Field`),
  ADD CONSTRAINT `cult_is_for_ibfk_2` FOREIGN KEY (`Id_culture`) REFERENCES `culture` (`Id_culture`);

--
-- Contraintes pour la table `dosage_cult`
--
ALTER TABLE `dosage_cult`
  ADD CONSTRAINT `dosage_cult_ibfk_1` FOREIGN KEY (`Id_culture`) REFERENCES `culture` (`Id_culture`),
  ADD CONSTRAINT `dosage_cult_ibfk_2` FOREIGN KEY (`Id_treatement`) REFERENCES `treatement` (`Id_treatement`);

--
-- Contraintes pour la table `dosage_horti`
--
ALTER TABLE `dosage_horti`
  ADD CONSTRAINT `dosage_horti_ibfk_1` FOREIGN KEY (`Id_treatement`) REFERENCES `treatement` (`Id_treatement`),
  ADD CONSTRAINT `dosage_horti_ibfk_2` FOREIGN KEY (`Id_Horticulture`) REFERENCES `horticulture` (`Id_Horticulture`);

--
-- Contraintes pour la table `employee`
--
ALTER TABLE `employee`
  ADD CONSTRAINT `employee_ibfk_1` FOREIGN KEY (`Id_Role`) REFERENCES `role` (`Id_Role`),
  ADD CONSTRAINT `employee_ibfk_2` FOREIGN KEY (`Id_Speciality`) REFERENCES `speciality` (`Id_Speciality`);

--
-- Contraintes pour la table `energy_by_time`
--
ALTER TABLE `energy_by_time`
  ADD CONSTRAINT `energy_by_time_ibfk_1` FOREIGN KEY (`Id_Energy`) REFERENCES `energy` (`Id_Energy`),
  ADD CONSTRAINT `energy_by_time_ibfk_2` FOREIGN KEY (`Id_time_period`) REFERENCES `time_period` (`Id_time_period`),
  ADD CONSTRAINT `energy_by_time_ibfk_3` FOREIGN KEY (`Id_Month`) REFERENCES `month_product` (`Id_Month`);

--
-- Contraintes pour la table `feed`
--
ALTER TABLE `feed`
  ADD CONSTRAINT `feed_ibfk_1` FOREIGN KEY (`Id_culture`) REFERENCES `culture` (`Id_culture`);

--
-- Contraintes pour la table `feed_breeding`
--
ALTER TABLE `feed_breeding`
  ADD CONSTRAINT `feed_breeding_ibfk_1` FOREIGN KEY (`Id_breeding`) REFERENCES `breeding` (`Id_breeding`),
  ADD CONSTRAINT `feed_breeding_ibfk_2` FOREIGN KEY (`Id_culture`) REFERENCES `culture` (`Id_culture`),
  ADD CONSTRAINT `FK_unity_feed_breeding` FOREIGN KEY (`id_unity`) REFERENCES `unity` (`Id_Unity`) ON DELETE RESTRICT ON UPDATE RESTRICT;

--
-- Contraintes pour la table `field`
--
ALTER TABLE `field`
  ADD CONSTRAINT `field_ibfk_1` FOREIGN KEY (`Id_Type_Field`) REFERENCES `type_field` (`Id_Type_Field`);

--
-- Contraintes pour la table `field_set`
--
ALTER TABLE `field_set`
  ADD CONSTRAINT `field_set_ibfk_1` FOREIGN KEY (`Id_Unity`) REFERENCES `unity` (`Id_Unity`),
  ADD CONSTRAINT `field_set_ibfk_2` FOREIGN KEY (`Num_Field`) REFERENCES `field` (`Num_Field`);

--
-- Contraintes pour la table `fruit`
--
ALTER TABLE `fruit`
  ADD CONSTRAINT `fruit_ibfk_1` FOREIGN KEY (`Id_Horticulture`) REFERENCES `horticulture` (`Id_Horticulture`);

--
-- Contraintes pour la table `horti_give`
--
ALTER TABLE `horti_give`
  ADD CONSTRAINT `FK_unity_horti_give` FOREIGN KEY (`id_unity`) REFERENCES `unity` (`Id_Unity`) ON DELETE RESTRICT ON UPDATE RESTRICT,
  ADD CONSTRAINT `horti_give_ibfk_1` FOREIGN KEY (`Id_Product`) REFERENCES `production` (`Id_Product`),
  ADD CONSTRAINT `horti_give_ibfk_2` FOREIGN KEY (`Id_Horticulture`) REFERENCES `horticulture` (`Id_Horticulture`);

--
-- Contraintes pour la table `horti_is_for`
--
ALTER TABLE `horti_is_for`
  ADD CONSTRAINT `horti_is_for_ibfk_1` FOREIGN KEY (`Id_Type_Field`) REFERENCES `type_field` (`Id_Type_Field`),
  ADD CONSTRAINT `horti_is_for_ibfk_2` FOREIGN KEY (`Id_Horticulture`) REFERENCES `horticulture` (`Id_Horticulture`);

--
-- Contraintes pour la table `is_ani_affilied`
--
ALTER TABLE `is_ani_affilied`
  ADD CONSTRAINT `is_ani_affilied_ibfk_1` FOREIGN KEY (`Num_Field`) REFERENCES `field` (`Num_Field`),
  ADD CONSTRAINT `is_ani_affilied_ibfk_2` FOREIGN KEY (`Id_breeding`) REFERENCES `breeding` (`Id_breeding`);

--
-- Contraintes pour la table `is_cult_affilied`
--
ALTER TABLE `is_cult_affilied`
  ADD CONSTRAINT `is_cult_affilied_ibfk_1` FOREIGN KEY (`Num_Field`) REFERENCES `field` (`Num_Field`),
  ADD CONSTRAINT `is_cult_affilied_ibfk_2` FOREIGN KEY (`Id_culture`) REFERENCES `culture` (`Id_culture`);

--
-- Contraintes pour la table `is_cult_set`
--
ALTER TABLE `is_cult_set`
  ADD CONSTRAINT `is_cult_set_ibfk_1` FOREIGN KEY (`Id_employee`) REFERENCES `employee` (`Id_employee`),
  ADD CONSTRAINT `is_cult_set_ibfk_2` FOREIGN KEY (`Id_culture`) REFERENCES `culture` (`Id_culture`);

--
-- Contraintes pour la table `is_ener_affilied`
--
ALTER TABLE `is_ener_affilied`
  ADD CONSTRAINT `is_ener_affilied_ibfk_1` FOREIGN KEY (`Num_Field`) REFERENCES `field` (`Num_Field`),
  ADD CONSTRAINT `is_ener_affilied_ibfk_2` FOREIGN KEY (`Id_Energy`) REFERENCES `energy` (`Id_Energy`);

--
-- Contraintes pour la table `is_horti_affilied`
--
ALTER TABLE `is_horti_affilied`
  ADD CONSTRAINT `is_horti_affilied_ibfk_1` FOREIGN KEY (`Num_Field`) REFERENCES `field` (`Num_Field`),
  ADD CONSTRAINT `is_horti_affilied_ibfk_2` FOREIGN KEY (`Id_Horticulture`) REFERENCES `horticulture` (`Id_Horticulture`);

--
-- Contraintes pour la table `is_horti_set`
--
ALTER TABLE `is_horti_set`
  ADD CONSTRAINT `is_horti_set_ibfk_1` FOREIGN KEY (`Id_employee`) REFERENCES `employee` (`Id_employee`),
  ADD CONSTRAINT `is_horti_set_ibfk_2` FOREIGN KEY (`Id_Horticulture`) REFERENCES `horticulture` (`Id_Horticulture`);

--
-- Contraintes pour la table `is_of`
--
ALTER TABLE `is_of`
  ADD CONSTRAINT `is_of_ibfk_1` FOREIGN KEY (`Id_animal`) REFERENCES `animal` (`Id_animal`),
  ADD CONSTRAINT `is_of_ibfk_2` FOREIGN KEY (`Id_race`) REFERENCES `race` (`Id_race`);

--
-- Contraintes pour la table `is_part_of`
--
ALTER TABLE `is_part_of`
  ADD CONSTRAINT `is_part_of_ibfk_1` FOREIGN KEY (`Id_breeding`) REFERENCES `breeding` (`Id_breeding`) ON DELETE CASCADE ON UPDATE CASCADE,
  ADD CONSTRAINT `is_part_of_ibfk_2` FOREIGN KEY (`Id_animal`) REFERENCES `animal` (`Id_animal`) ON DELETE RESTRICT ON UPDATE CASCADE;

--
-- Contraintes pour la table `is_treated`
--
ALTER TABLE `is_treated`
  ADD CONSTRAINT `is_treated_ibfk_1` FOREIGN KEY (`Num_Field`) REFERENCES `field` (`Num_Field`),
  ADD CONSTRAINT `is_treated_ibfk_2` FOREIGN KEY (`Id_treatement`) REFERENCES `treatement` (`Id_treatement`);

--
-- Contraintes pour la table `is_treat_type`
--
ALTER TABLE `is_treat_type`
  ADD CONSTRAINT `is_treat_type_ibfk_1` FOREIGN KEY (`Id_treatement`) REFERENCES `treatement` (`Id_treatement`),
  ADD CONSTRAINT `is_treat_type_ibfk_2` FOREIGN KEY (`Id_treatement_type`) REFERENCES `treatement_type` (`Id_treatement_type`);

--
-- Contraintes pour la table `is_type_of`
--
ALTER TABLE `is_type_of`
  ADD CONSTRAINT `is_type_of_ibfk_1` FOREIGN KEY (`Id_animal`) REFERENCES `animal` (`Id_animal`),
  ADD CONSTRAINT `is_type_of_ibfk_2` FOREIGN KEY (`Id_animal_type`) REFERENCES `animal_type` (`Id_animal_type`);

--
-- Contraintes pour la table `link_to_at`
--
ALTER TABLE `link_to_at`
  ADD CONSTRAINT `link_to_at_ibfk_1` FOREIGN KEY (`Id_Unity`) REFERENCES `unity` (`Id_Unity`),
  ADD CONSTRAINT `link_to_at_ibfk_2` FOREIGN KEY (`Id_animal_type`) REFERENCES `animal_type` (`Id_animal_type`);

--
-- Contraintes pour la table `link_to_cereal`
--
ALTER TABLE `link_to_cereal`
  ADD CONSTRAINT `link_to_cereal_ibfk_1` FOREIGN KEY (`Id_Unity`) REFERENCES `unity` (`Id_Unity`),
  ADD CONSTRAINT `link_to_cereal_ibfk_2` FOREIGN KEY (`Id_cereal`) REFERENCES `cereal` (`Id_cereal`);

--
-- Contraintes pour la table `link_to_ener`
--
ALTER TABLE `link_to_ener`
  ADD CONSTRAINT `link_to_ener_ibfk_1` FOREIGN KEY (`Id_Unity`) REFERENCES `unity` (`Id_Unity`),
  ADD CONSTRAINT `link_to_ener_ibfk_2` FOREIGN KEY (`Id_Energy`) REFERENCES `energy` (`Id_Energy`);

--
-- Contraintes pour la table `link_to_feed`
--
ALTER TABLE `link_to_feed`
  ADD CONSTRAINT `link_to_feed_ibfk_1` FOREIGN KEY (`Id_Unity`) REFERENCES `unity` (`Id_Unity`),
  ADD CONSTRAINT `link_to_feed_ibfk_2` FOREIGN KEY (`Id_feed`) REFERENCES `feed` (`Id_feed`);

--
-- Contraintes pour la table `link_to_fruit`
--
ALTER TABLE `link_to_fruit`
  ADD CONSTRAINT `link_to_fruit_ibfk_1` FOREIGN KEY (`Id_Unity`) REFERENCES `unity` (`Id_Unity`),
  ADD CONSTRAINT `link_to_fruit_ibfk_2` FOREIGN KEY (`Id_fruit`) REFERENCES `fruit` (`Id_fruit`);

--
-- Contraintes pour la table `link_to_oleaginous`
--
ALTER TABLE `link_to_oleaginous`
  ADD CONSTRAINT `link_to_oleaginous_ibfk_1` FOREIGN KEY (`Id_Unity`) REFERENCES `unity` (`Id_Unity`),
  ADD CONSTRAINT `link_to_oleaginous_ibfk_2` FOREIGN KEY (`Id_oleaginous`) REFERENCES `oleaginous` (`Id_oleaginous`);

--
-- Contraintes pour la table `link_to_tt`
--
ALTER TABLE `link_to_tt`
  ADD CONSTRAINT `link_to_tt_ibfk_1` FOREIGN KEY (`Id_Unity`) REFERENCES `unity` (`Id_Unity`),
  ADD CONSTRAINT `link_to_tt_ibfk_2` FOREIGN KEY (`Id_treatement_type`) REFERENCES `treatement_type` (`Id_treatement_type`);

--
-- Contraintes pour la table `link_to_under_earth`
--
ALTER TABLE `link_to_under_earth`
  ADD CONSTRAINT `link_to_under_earth_ibfk_1` FOREIGN KEY (`Id_Unity`) REFERENCES `unity` (`Id_Unity`),
  ADD CONSTRAINT `link_to_under_earth_ibfk_2` FOREIGN KEY (`Id_under_earth`) REFERENCES `under_earth` (`Id_under_earth`);

--
-- Contraintes pour la table `link_to_vege`
--
ALTER TABLE `link_to_vege`
  ADD CONSTRAINT `link_to_vege_ibfk_1` FOREIGN KEY (`Id_Unity`) REFERENCES `unity` (`Id_Unity`),
  ADD CONSTRAINT `link_to_vege_ibfk_2` FOREIGN KEY (`Id_vegetable`) REFERENCES `vegetable` (`Id_vegetable`);

--
-- Contraintes pour la table `oleaginous`
--
ALTER TABLE `oleaginous`
  ADD CONSTRAINT `oleaginous_ibfk_1` FOREIGN KEY (`Id_culture`) REFERENCES `culture` (`Id_culture`);

--
-- Contraintes pour la table `product_energy`
--
ALTER TABLE `product_energy`
  ADD CONSTRAINT `FK_unity_product_energy` FOREIGN KEY (`id_unity`) REFERENCES `unity` (`Id_Unity`) ON DELETE RESTRICT ON UPDATE RESTRICT,
  ADD CONSTRAINT `product_energy_ibfk_1` FOREIGN KEY (`Id_Product`) REFERENCES `production` (`Id_Product`),
  ADD CONSTRAINT `product_energy_ibfk_2` FOREIGN KEY (`Id_Energy`) REFERENCES `energy` (`Id_Energy`);

--
-- Contraintes pour la table `recruit`
--
ALTER TABLE `recruit`
  ADD CONSTRAINT `recruit_ibfk_1` FOREIGN KEY (`Id_employee`) REFERENCES `employee` (`Id_employee`),
  ADD CONSTRAINT `recruit_ibfk_2` FOREIGN KEY (`Id_employee_1`) REFERENCES `employee` (`Id_employee`);

--
-- Contraintes pour la table `rh`
--
ALTER TABLE `rh`
  ADD CONSTRAINT `rh_ibfk_1` FOREIGN KEY (`Id_Role`) REFERENCES `role` (`Id_Role`);

--
-- Contraintes pour la table `under_earth`
--
ALTER TABLE `under_earth`
  ADD CONSTRAINT `under_earth_ibfk_1` FOREIGN KEY (`Id_culture`) REFERENCES `culture` (`Id_culture`);

--
-- Contraintes pour la table `vegetable`
--
ALTER TABLE `vegetable`
  ADD CONSTRAINT `vegetable_ibfk_1` FOREIGN KEY (`Id_Horticulture`) REFERENCES `horticulture` (`Id_Horticulture`);
COMMIT;

/*!40101 SET CHARACTER_SET_CLIENT=@OLD_CHARACTER_SET_CLIENT */;
/*!40101 SET CHARACTER_SET_RESULTS=@OLD_CHARACTER_SET_RESULTS */;
/*!40101 SET COLLATION_CONNECTION=@OLD_COLLATION_CONNECTION */;
